Datetime;Battery Level (%);5600 Pressure (Bar);5600 Temperature (Â°C)
2025-01-18 19:33:06.564;100;1.290;4.0
2025-01-18 19:33:06.664;100;1.290;4.0
2025-01-18 19:33:06.764;100;1.290;4.0
2025-01-18 19:33:06.864;100;1.290;4.0
2025-01-18 19:33:06.964;100;1.290;4.0
2025-01-18 19:33:07.064;100;1.290;4.0
2025-01-18 19:33:07.164;100;1.290;4.0
2025-01-18 19:33:07.264;100;1.290;4.0
2025-01-18 19:33:07.364;100;1.290;4.0
2025-01-18 19:33:07.464;100;1.290;4.0
2025-01-18 19:33:07.563;100;1.290;4.0
2025-01-18 19:33:07.664;100;1.290;4.0
2025-01-18 19:33:07.764;100;1.290;4.0
2025-01-18 19:33:07.864;100;1.290;4.0
2025-01-18 19:33:07.964;100;1.290;4.0
2025-01-18 19:33:08.064;100;1.290;4.0
2025-01-18 19:33:08.164;100;1.290;4.0
2025-01-18 19:33:08.263;100;1.290;4.0
2025-01-18 19:33:08.364;100;1.290;4.0
2025-01-18 19:33:08.464;100;1.290;4.0
2025-01-18 19:33:08.564;100;1.290;4.0
2025-01-18 19:33:08.664;100;1.290;4.0
2025-01-18 19:33:08.764;100;1.290;4.0
2025-01-18 19:33:08.864;100;1.290;4.0
2025-01-18 19:33:08.964;100;1.290;4.0
2025-01-18 19:33:09.064;100;1.290;4.0
2025-01-18 19:33:09.163;100;1.290;4.0
2025-01-18 19:33:09.264;100;1.290;4.0
2025-01-18 19:33:09.364;100;1.290;4.0
2025-01-18 19:33:09.464;100;1.290;4.0
2025-01-18 19:33:09.564;100;1.290;4.0
2025-01-18 19:33:09.664;100;1.290;4.0
2025-01-18 19:33:09.764;100;1.290;4.0
2025-01-18 19:33:09.864;100;1.290;4.0
2025-01-18 19:33:09.964;100;1.290;4.0
2025-01-18 19:33:10.064;100;1.290;4.0
2025-01-18 19:33:10.163;100;1.290;4.0
2025-01-18 19:33:10.263;100;1.290;4.0
2025-01-18 19:33:10.364;100;1.290;4.0
2025-01-18 19:33:10.464;100;1.290;4.0
2025-01-18 19:33:10.564;100;1.290;4.0
2025-01-18 19:33:10.664;100;1.290;4.0
2025-01-18 19:33:10.764;100;1.290;4.0
2025-01-18 19:33:10.864;100;1.290;4.0
2025-01-18 19:33:10.964;100;1.290;4.0
2025-01-18 19:33:11.064;100;1.290;4.0
2025-01-18 19:33:11.164;100;1.290;4.0
2025-01-18 19:33:11.264;100;1.290;4.0
2025-01-18 19:33:11.364;100;1.290;4.0
2025-01-18 19:33:11.464;100;1.290;4.0
2025-01-18 19:33:11.564;100;1.290;4.0
2025-01-18 19:33:11.664;100;1.290;4.0
2025-01-18 19:33:11.764;100;1.290;4.0
2025-01-18 19:33:11.864;100;1.290;4.0
2025-01-18 19:33:11.964;100;1.290;4.0
2025-01-18 19:33:12.064;100;1.290;4.0
2025-01-18 19:33:12.164;100;1.290;4.0
2025-01-18 19:33:12.264;100;1.317;4.0
2025-01-18 19:33:12.364;100;1.290;4.0
2025-01-18 19:33:12.464;100;1.290;4.0
2025-01-18 19:33:12.564;100;1.290;4.0
2025-01-18 19:33:12.664;100;1.290;4.0
2025-01-18 19:33:12.764;100;1.290;4.0
2025-01-18 19:33:12.864;100;1.290;4.0
2025-01-18 19:33:12.964;100;1.290;4.0
2025-01-18 19:33:13.064;100;1.290;4.0
2025-01-18 19:33:13.163;100;1.290;4.0
2025-01-18 19:33:13.264;100;1.290;4.0
2025-01-18 19:33:13.364;100;1.290;4.0
2025-01-18 19:33:13.464;100;1.290;4.0
2025-01-18 19:33:13.564;100;1.290;4.0
2025-01-18 19:33:13.663;100;1.290;4.0
2025-01-18 19:33:13.764;100;1.290;4.0
2025-01-18 19:33:13.864;100;1.290;4.0
2025-01-18 19:33:13.964;100;1.290;4.0
2025-01-18 19:33:14.064;100;1.290;4.0
2025-01-18 19:33:14.163;100;1.290;4.0
2025-01-18 19:33:14.264;100;1.290;4.0
2025-01-18 19:33:14.363;100;1.290;4.0
2025-01-18 19:33:14.464;100;1.290;4.0
2025-01-18 19:33:14.563;100;1.290;4.0
2025-01-18 19:33:14.664;100;1.290;4.0
2025-01-18 19:33:14.764;100;1.290;4.0
2025-01-18 19:33:14.864;100;1.290;4.0
2025-01-18 19:33:14.964;100;1.290;4.0
2025-01-18 19:33:15.064;100;1.290;4.0
2025-01-18 19:33:15.164;100;1.290;4.0
2025-01-18 19:33:15.264;100;1.290;4.0
2025-01-18 19:33:15.364;100;1.290;4.0
2025-01-18 19:33:15.464;100;1.290;4.0
2025-01-18 19:33:15.564;100;1.290;4.0
2025-01-18 19:33:15.663;100;1.290;4.0
2025-01-18 19:33:15.764;100;1.290;4.0
2025-01-18 19:33:15.864;100;1.290;4.0
2025-01-18 19:33:15.964;100;1.290;4.0
2025-01-18 19:33:16.064;100;1.290;4.0
2025-01-18 19:33:16.163;100;1.290;4.0
2025-01-18 19:33:16.264;100;1.290;4.0
2025-01-18 19:33:16.364;100;1.290;4.0
2025-01-18 19:33:16.464;100;1.290;4.0
2025-01-18 19:33:16.564;100;1.290;4.0
2025-01-18 19:33:16.663;100;1.290;4.0
2025-01-18 19:33:16.764;100;1.290;4.0
2025-01-18 19:33:16.864;100;1.290;4.0
2025-01-18 19:33:16.964;100;1.290;4.0
2025-01-18 19:33:17.064;100;1.290;4.0
2025-01-18 19:33:17.163;100;1.290;4.0
2025-01-18 19:33:17.264;100;1.290;4.0
2025-01-18 19:33:17.364;100;1.290;4.0
2025-01-18 19:33:17.464;100;1.290;4.0
2025-01-18 19:33:17.564;100;1.290;4.0
2025-01-18 19:33:17.664;100;1.290;4.0
2025-01-18 19:33:17.764;100;1.290;4.0
2025-01-18 19:33:17.864;100;1.290;4.0
2025-01-18 19:33:17.964;100;1.290;4.0
2025-01-18 19:33:18.064;100;1.316;4.0
2025-01-18 19:33:18.164;100;1.290;4.0
2025-01-18 19:33:18.264;100;1.317;4.0
2025-01-18 19:33:18.364;100;1.290;4.0
2025-01-18 19:33:18.464;100;1.290;4.0
2025-01-18 19:33:18.564;100;1.290;4.0
2025-01-18 19:33:18.664;100;1.290;4.0
2025-01-18 19:33:18.764;100;1.290;4.0
2025-01-18 19:33:18.864;100;1.290;4.0
2025-01-18 19:33:18.964;100;1.290;4.0
2025-01-18 19:33:19.064;100;1.290;4.0
2025-01-18 19:33:19.164;100;1.290;4.0
2025-01-18 19:33:19.264;100;1.290;4.0
2025-01-18 19:33:19.363;100;1.290;4.0
2025-01-18 19:33:19.464;100;1.290;4.0
2025-01-18 19:33:19.564;100;1.290;4.0
2025-01-18 19:33:19.664;100;1.290;4.0
2025-01-18 19:33:19.764;100;1.290;4.0
2025-01-18 19:33:19.864;100;1.290;4.0
2025-01-18 19:33:19.964;100;1.290;4.0
2025-01-18 19:33:20.064;100;1.290;4.0
2025-01-18 19:33:20.163;100;1.290;4.0
2025-01-18 19:33:20.264;100;1.290;4.0
2025-01-18 19:33:20.364;100;1.317;4.0
2025-01-18 19:33:20.464;100;1.290;4.0
2025-01-18 19:33:20.564;100;1.290;4.0
2025-01-18 19:33:20.664;100;1.317;4.0
2025-01-18 19:33:20.764;100;1.290;4.0
2025-01-18 19:33:20.864;100;1.290;4.0
2025-01-18 19:33:20.964;100;1.290;4.0
2025-01-18 19:33:21.064;100;1.290;4.0
2025-01-18 19:33:21.163;100;1.290;4.0
2025-01-18 19:33:21.264;100;1.317;4.0
2025-01-18 19:33:21.364;100;1.290;4.0
2025-01-18 19:33:21.464;100;1.290;4.0
2025-01-18 19:33:21.564;100;1.317;4.0
2025-01-18 19:33:21.664;100;1.290;4.0
2025-01-18 19:33:21.764;100;1.290;4.0
2025-01-18 19:33:21.864;100;1.290;4.0
2025-01-18 19:33:21.964;100;1.290;4.0
2025-01-18 19:33:22.064;100;1.290;4.0
2025-01-18 19:33:22.163;100;1.290;4.0
2025-01-18 19:33:22.264;100;1.290;4.0
2025-01-18 19:33:22.364;100;1.290;4.0
2025-01-18 19:33:22.464;100;1.290;4.0
2025-01-18 19:33:22.564;100;1.290;4.0
2025-01-18 19:33:22.664;100;1.290;4.0
2025-01-18 19:33:22.764;100;1.290;4.0
2025-01-18 19:33:22.864;100;1.290;4.0
2025-01-18 19:33:22.964;100;1.290;4.0
2025-01-18 19:33:23.064;100;1.290;4.0
2025-01-18 19:33:23.164;100;1.290;4.0
2025-01-18 19:33:23.264;100;1.290;4.0
2025-01-18 19:33:23.364;100;1.290;4.0
2025-01-18 19:33:23.464;100;1.290;4.0
2025-01-18 19:33:23.564;100;1.290;4.0
2025-01-18 19:33:23.664;100;1.290;4.0
2025-01-18 19:33:23.764;100;1.290;4.0
2025-01-18 19:33:23.864;100;1.290;4.0
2025-01-18 19:33:23.964;100;1.290;4.0
2025-01-18 19:33:24.064;100;1.290;4.0
2025-01-18 19:33:24.163;100;1.290;4.0
2025-01-18 19:33:24.264;100;1.290;4.0
2025-01-18 19:33:24.364;100;1.290;4.0
2025-01-18 19:33:24.463;100;1.290;4.0
2025-01-18 19:33:24.564;100;1.290;4.0
2025-01-18 19:33:24.664;100;1.290;4.0
2025-01-18 19:33:24.764;100;1.290;4.0
2025-01-18 19:33:24.864;100;1.290;4.0
2025-01-18 19:33:24.964;100;1.290;4.0
2025-01-18 19:33:25.064;100;1.290;4.0
2025-01-18 19:33:25.164;100;1.290;4.0
2025-01-18 19:33:25.264;100;1.290;4.0
2025-01-18 19:33:25.364;100;1.290;4.0
2025-01-18 19:33:25.464;100;1.290;4.0
2025-01-18 19:33:25.564;100;1.290;4.0
2025-01-18 19:33:25.664;100;1.290;4.0
2025-01-18 19:33:25.764;100;1.290;4.0
2025-01-18 19:33:25.864;100;1.290;4.0
2025-01-18 19:33:25.964;100;1.290;4.0
2025-01-18 19:33:26.064;100;1.317;4.0
2025-01-18 19:33:26.164;100;1.290;4.0
2025-01-18 19:33:26.264;100;1.290;4.0
2025-01-18 19:33:26.364;100;1.290;4.0
2025-01-18 19:33:26.464;100;1.290;4.0
2025-01-18 19:33:26.564;100;1.290;4.0
2025-01-18 19:33:26.663;100;1.290;4.0
2025-01-18 19:33:26.764;100;1.290;4.0
2025-01-18 19:33:26.864;100;1.290;4.0
2025-01-18 19:33:26.964;100;1.317;4.0
2025-01-18 19:33:27.064;100;1.290;4.0
2025-01-18 19:33:27.164;100;1.290;4.0
2025-01-18 19:33:27.264;100;1.290;4.0
2025-01-18 19:33:27.364;100;1.290;4.0
2025-01-18 19:33:27.464;100;1.290;4.0
2025-01-18 19:33:27.564;100;1.291;4.0
2025-01-18 19:33:27.664;100;1.290;4.0
2025-01-18 19:33:27.764;100;1.291;4.0
2025-01-18 19:33:27.864;100;1.317;4.0
2025-01-18 19:33:27.964;100;1.290;4.0
2025-01-18 19:33:28.064;100;1.291;4.0
2025-01-18 19:33:28.164;100;1.317;4.0
2025-01-18 19:33:28.264;100;1.290;4.0
2025-01-18 19:33:28.364;100;1.291;4.0
2025-01-18 19:33:28.464;100;1.290;4.0
2025-01-18 19:33:28.564;100;1.290;4.0
2025-01-18 19:33:28.664;100;1.291;4.0
2025-01-18 19:33:28.764;100;1.291;4.0
2025-01-18 19:33:28.864;100;1.290;4.0
2025-01-18 19:33:28.964;100;1.291;4.0
2025-01-18 19:33:29.064;100;1.291;4.0
2025-01-18 19:33:29.164;100;1.290;4.0
2025-01-18 19:33:29.264;100;1.291;4.0
2025-01-18 19:33:29.364;100;1.291;4.0
2025-01-18 19:33:29.464;100;1.290;4.0
2025-01-18 19:33:29.564;100;1.291;4.0
2025-01-18 19:33:29.664;100;1.291;4.0
2025-01-18 19:33:29.764;100;1.290;4.0
2025-01-18 19:33:29.864;100;1.291;4.0
2025-01-18 19:33:29.964;100;1.291;4.0
2025-01-18 19:33:30.064;100;1.290;4.0
2025-01-18 19:33:30.164;100;1.291;4.0
2025-01-18 19:33:30.264;100;1.291;4.0
2025-01-18 19:33:30.364;100;1.290;4.0
2025-01-18 19:33:30.464;100;1.291;4.0
2025-01-18 19:33:30.564;100;1.291;4.0
2025-01-18 19:33:30.664;100;1.290;4.0
2025-01-18 19:33:30.764;100;1.291;4.0
2025-01-18 19:33:30.864;100;1.290;4.0
2025-01-18 19:33:30.964;100;1.290;4.0
2025-01-18 19:33:31.064;100;1.291;4.0
2025-01-18 19:33:31.164;100;1.291;4.0
2025-01-18 19:33:31.263;100;1.290;4.0
2025-01-18 19:33:31.437;100;1.291;4.0
2025-01-18 19:33:31.558;88;1.290;4.0
2025-01-18 19:33:31.658;88;1.291;4.0
2025-01-18 19:33:31.755;88;1.291;4.0
2025-01-18 19:33:31.856;88;1.290;4.0
2025-01-18 19:33:31.958;88;1.291;4.0
2025-01-18 19:33:32.052;88;1.317;4.0
2025-01-18 19:33:32.152;88;1.290;4.0
2025-01-18 19:33:32.256;88;1.291;4.0
2025-01-18 19:33:32.356;88;1.291;4.0
2025-01-18 19:33:32.464;88;1.290;4.0
2025-01-18 19:33:32.659;88;1.291;4.0
2025-01-18 19:33:32.731;88;1.290;4.0
2025-01-18 19:33:32.857;88;1.291;4.0
2025-01-18 19:33:32.956;88;1.317;4.0
2025-01-18 19:33:33.073;88;1.291;4.0
2025-01-18 19:33:33.258;88;1.317;4.0
2025-01-18 19:33:33.263;88;1.317;4.0
2025-01-18 19:33:33.364;88;1.290;4.0
2025-01-18 19:33:33.463;88;1.291;4.0
2025-01-18 19:33:33.563;88;1.291;4.0
2025-01-18 19:33:33.664;88;1.290;4.0
2025-01-18 19:33:33.764;88;1.291;4.0
2025-01-18 19:33:33.864;88;1.291;4.0
2025-01-18 19:33:33.964;88;1.290;4.0
2025-01-18 19:33:34.064;88;1.291;4.0
2025-01-18 19:33:34.164;88;1.291;4.0
2025-01-18 19:33:34.264;88;1.290;4.0
2025-01-18 19:33:34.364;88;1.291;4.0
2025-01-18 19:33:34.464;88;1.317;4.0
2025-01-18 19:33:34.564;88;1.291;4.0
2025-01-18 19:33:34.663;88;1.291;4.0
2025-01-18 19:33:34.764;88;1.317;4.0
2025-01-18 19:33:34.864;88;1.290;4.0
2025-01-18 19:33:34.964;88;1.291;4.0
2025-01-18 19:33:35.064;88;1.291;4.0
2025-01-18 19:33:35.163;88;1.291;4.0
2025-01-18 19:33:35.264;88;1.291;4.0
2025-01-18 19:33:35.364;88;1.291;4.0
2025-01-18 19:33:35.464;88;1.317;4.0
2025-01-18 19:33:35.564;88;1.291;4.0
2025-01-18 19:33:35.663;88;1.291;4.0
2025-01-18 19:33:35.764;88;1.291;4.0
2025-01-18 19:33:35.864;88;1.291;4.0
2025-01-18 19:33:35.964;88;1.291;4.0
2025-01-18 19:33:36.064;88;1.291;4.0
2025-01-18 19:33:36.164;88;1.291;4.0
2025-01-18 19:33:36.264;88;1.291;4.0
2025-01-18 19:33:36.364;88;1.291;4.0
2025-01-18 19:33:36.464;88;1.291;4.0
2025-01-18 19:33:36.564;88;1.291;4.0
2025-01-18 19:33:36.663;88;1.290;4.0
2025-01-18 19:33:36.764;88;1.291;4.0
2025-01-18 19:33:36.864;88;1.291;4.0
2025-01-18 19:33:36.964;88;1.317;4.0
2025-01-18 19:33:37.064;88;1.291;4.0
2025-01-18 19:33:37.164;88;1.291;4.0
2025-01-18 19:33:37.264;88;1.291;4.0
2025-01-18 19:33:37.364;88;1.291;4.0
2025-01-18 19:33:37.464;88;1.291;4.0
2025-01-18 19:33:37.564;88;1.291;4.0
2025-01-18 19:33:37.663;88;1.291;4.0
2025-01-18 19:33:37.764;88;1.291;4.0
2025-01-18 19:33:37.864;88;1.291;4.0
2025-01-18 19:33:37.964;88;1.291;4.0
2025-01-18 19:33:38.064;88;1.291;4.0
2025-01-18 19:33:38.164;88;1.290;4.0
2025-01-18 19:33:38.264;88;1.291;4.0
2025-01-18 19:33:38.364;88;1.291;4.0
2025-01-18 19:33:38.464;88;1.317;4.0
2025-01-18 19:33:38.564;88;1.291;4.0
2025-01-18 19:33:38.663;88;1.291;4.0
2025-01-18 19:33:38.764;88;1.291;4.0
2025-01-18 19:33:38.864;88;1.291;4.0
2025-01-18 19:33:38.964;88;1.291;4.0
2025-01-18 19:33:39.064;88;1.291;4.0
2025-01-18 19:33:39.164;88;1.291;4.0
2025-01-18 19:33:39.264;88;1.291;4.0
2025-01-18 19:33:39.364;88;1.291;4.0
2025-01-18 19:33:39.464;88;1.291;4.0
2025-01-18 19:33:39.564;88;1.317;4.0
2025-01-18 19:33:39.663;88;1.291;4.0
2025-01-18 19:33:39.764;88;1.291;4.0
2025-01-18 19:33:39.864;88;1.317;4.0
2025-01-18 19:33:39.964;88;1.291;4.0
2025-01-18 19:33:40.064;88;1.291;4.0
2025-01-18 19:33:40.164;88;1.291;4.0
2025-01-18 19:33:40.264;88;1.291;4.0
2025-01-18 19:33:40.364;88;1.291;4.0
2025-01-18 19:33:40.464;88;1.291;4.0
2025-01-18 19:33:40.564;88;1.291;4.0
2025-01-18 19:33:40.664;88;1.291;4.0
2025-01-18 19:33:40.764;88;1.291;4.0
2025-01-18 19:33:40.864;88;1.291;4.0
2025-01-18 19:33:40.963;88;1.291;4.0
2025-01-18 19:33:41.064;88;1.291;4.0
2025-01-18 19:33:41.163;88;1.291;4.0
2025-01-18 19:33:41.264;88;1.291;4.0
2025-01-18 19:33:41.364;88;1.291;4.0
2025-01-18 19:33:41.464;100;1.291;4.0
2025-01-18 19:33:41.564;100;1.291;4.0
2025-01-18 19:33:41.664;100;1.291;4.0
2025-01-18 19:33:41.764;100;1.291;4.0
2025-01-18 19:33:41.864;100;1.291;4.0
2025-01-18 19:33:41.964;100;1.291;4.0
2025-01-18 19:33:42.064;100;1.291;4.0
2025-01-18 19:33:42.163;100;1.291;4.0
2025-01-18 19:33:42.264;100;1.291;4.0
2025-01-18 19:33:42.364;100;1.317;4.0
2025-01-18 19:33:42.464;100;1.291;4.0
2025-01-18 19:33:42.564;100;1.291;4.0
2025-01-18 19:33:42.663;100;1.291;4.0
2025-01-18 19:33:42.764;100;1.291;4.0
2025-01-18 19:33:42.864;100;1.291;4.0
2025-01-18 19:33:42.964;100;1.291;4.0
2025-01-18 19:33:43.064;100;1.291;4.0
2025-01-18 19:33:43.164;100;1.291;4.0
2025-01-18 19:33:43.264;100;1.291;4.0
2025-01-18 19:33:43.364;100;1.291;4.0
2025-01-18 19:33:43.464;100;1.317;4.0
2025-01-18 19:33:43.564;100;1.291;4.0
2025-01-18 19:33:43.664;100;1.291;4.0
2025-01-18 19:33:43.764;100;1.291;4.0
2025-01-18 19:33:43.864;100;1.291;4.0
2025-01-18 19:33:43.963;100;1.291;4.0
2025-01-18 19:33:44.064;100;1.291;4.0
2025-01-18 19:33:44.164;100;1.291;4.0
2025-01-18 19:33:44.264;100;1.291;4.0
2025-01-18 19:33:44.364;100;1.291;4.0
2025-01-18 19:33:44.464;100;1.291;4.0
2025-01-18 19:33:44.564;100;1.291;4.0
2025-01-18 19:33:44.664;100;1.291;4.0
2025-01-18 19:33:44.764;100;1.291;4.0
2025-01-18 19:33:44.864;100;1.291;4.0
2025-01-18 19:33:44.964;100;1.317;4.0
2025-01-18 19:33:45.064;100;1.291;4.0
2025-01-18 19:33:45.163;100;1.317;4.0
2025-01-18 19:33:45.264;100;1.291;4.0
2025-01-18 19:33:45.363;100;1.317;4.0
2025-01-18 19:33:45.464;100;1.291;4.0
2025-01-18 19:33:45.564;100;1.291;4.0
2025-01-18 19:33:45.664;100;1.291;4.0
2025-01-18 19:33:45.764;100;1.291;4.0
2025-01-18 19:33:45.864;100;1.291;4.0
2025-01-18 19:33:45.964;100;1.291;4.0
2025-01-18 19:33:46.064;100;1.291;4.0
2025-01-18 19:33:46.164;100;1.291;4.0
2025-01-18 19:33:46.264;100;1.291;4.0
2025-01-18 19:33:46.364;100;1.291;4.0
2025-01-18 19:33:46.464;100;1.318;4.0
2025-01-18 19:33:46.564;100;1.291;4.0
2025-01-18 19:33:46.664;100;1.291;4.0
2025-01-18 19:33:46.764;100;1.291;4.0
2025-01-18 19:33:46.863;100;1.291;4.0
2025-01-18 19:33:46.964;100;1.291;4.0
2025-01-18 19:33:47.064;100;1.291;4.0
2025-01-18 19:33:47.164;100;1.291;4.0
2025-01-18 19:33:47.264;100;1.291;4.0
2025-01-18 19:33:47.364;100;1.291;4.0
2025-01-18 19:33:47.464;100;1.291;4.0
2025-01-18 19:33:47.564;100;1.291;4.0
2025-01-18 19:33:47.664;100;1.291;4.0
2025-01-18 19:33:47.764;100;1.291;4.0
2025-01-18 19:33:47.864;100;1.291;4.0
2025-01-18 19:33:47.964;100;1.291;4.0
2025-01-18 19:33:48.064;100;1.291;4.0
2025-01-18 19:33:48.164;100;1.291;4.0
2025-01-18 19:33:48.264;100;1.291;4.0
2025-01-18 19:33:48.364;100;1.291;4.0
2025-01-18 19:33:48.464;100;1.318;4.0
2025-01-18 19:33:48.564;100;1.291;4.0
2025-01-18 19:33:48.664;100;1.291;4.0
2025-01-18 19:33:48.764;100;1.291;4.0
2025-01-18 19:33:48.864;100;1.291;4.0
2025-01-18 19:33:48.964;100;1.291;4.0
2025-01-18 19:33:49.063;100;1.291;4.0
2025-01-18 19:33:49.163;100;1.291;4.0
2025-01-18 19:33:49.264;100;1.291;4.0
2025-01-18 19:33:49.364;100;1.291;4.0
2025-01-18 19:33:49.464;100;1.291;4.0
2025-01-18 19:33:49.564;100;1.291;4.0
2025-01-18 19:33:49.663;100;1.291;4.0
2025-01-18 19:33:49.764;100;1.318;4.0
2025-01-18 19:33:49.864;100;1.291;4.0
2025-01-18 19:33:49.964;100;1.265;4.0
2025-01-18 19:33:50.064;100;1.318;4.0
2025-01-18 19:33:50.164;100;1.291;4.0
2025-01-18 19:33:50.264;100;1.291;4.0
2025-01-18 19:33:50.364;100;1.291;4.0
2025-01-18 19:33:50.464;100;1.291;4.0
2025-01-18 19:33:50.563;100;1.291;4.0
2025-01-18 19:33:50.664;100;1.291;4.0
2025-01-18 19:33:50.764;100;1.291;4.0
2025-01-18 19:33:50.864;100;1.291;4.0
2025-01-18 19:33:50.964;100;1.318;4.0
2025-01-18 19:33:51.064;100;1.291;4.0
2025-01-18 19:33:51.164;100;1.291;4.0
2025-01-18 19:33:51.264;100;1.318;4.0
2025-01-18 19:33:51.364;100;1.291;4.0
2025-01-18 19:33:51.464;100;1.291;4.0
2025-01-18 19:33:51.563;100;1.318;4.0
2025-01-18 19:33:51.664;100;1.291;4.0
2025-01-18 19:33:51.764;100;1.318;4.0
2025-01-18 19:33:51.864;100;1.291;4.0
2025-01-18 19:33:51.964;100;1.291;4.0
2025-01-18 19:33:52.064;100;1.291;4.0
2025-01-18 19:33:52.164;100;1.291;4.0
2025-01-18 19:33:52.264;100;1.318;4.0
2025-01-18 19:33:52.363;100;1.291;4.0
2025-01-18 19:33:52.464;100;1.291;4.0
2025-01-18 19:33:52.564;100;1.291;4.0
2025-01-18 19:33:52.664;100;1.291;4.0
2025-01-18 19:33:52.764;100;1.318;4.0
2025-01-18 19:33:52.864;100;1.291;4.0
2025-01-18 19:33:52.964;100;1.291;4.0
2025-01-18 19:33:53.064;100;1.291;4.0
2025-01-18 19:33:53.164;100;1.291;4.0
2025-01-18 19:33:53.264;100;1.291;4.0
2025-01-18 19:33:53.364;100;1.318;4.0
2025-01-18 19:33:53.464;100;1.291;4.0
2025-01-18 19:33:53.564;100;1.291;4.0
2025-01-18 19:33:53.664;100;1.291;4.0
2025-01-18 19:33:53.764;100;1.291;4.0
2025-01-18 19:33:53.864;100;1.291;4.0
2025-01-18 19:33:53.964;100;1.291;4.0
2025-01-18 19:33:54.064;100;1.291;4.0
2025-01-18 19:33:54.164;100;1.291;4.0
2025-01-18 19:33:54.263;100;1.291;4.0
2025-01-18 19:33:54.364;100;1.291;4.0
2025-01-18 19:33:54.464;100;1.291;4.0
2025-01-18 19:33:54.564;100;1.291;4.0
2025-01-18 19:33:54.664;100;1.291;4.0
2025-01-18 19:33:54.764;100;1.291;4.0
2025-01-18 19:33:54.864;100;1.291;4.0
2025-01-18 19:33:54.964;100;1.291;4.0
2025-01-18 19:33:55.064;100;1.291;4.0
2025-01-18 19:33:55.164;100;1.318;4.0
2025-01-18 19:33:55.263;100;1.291;4.0
2025-01-18 19:33:55.363;100;1.291;4.0
2025-01-18 19:33:55.464;100;1.291;4.0
2025-01-18 19:33:55.564;100;1.291;4.0
2025-01-18 19:33:55.664;100;1.291;4.0
2025-01-18 19:33:55.764;100;1.318;4.0
2025-01-18 19:33:55.863;100;1.291;4.0
2025-01-18 19:33:55.964;100;1.291;4.0
2025-01-18 19:33:56.064;100;1.291;4.0
2025-01-18 19:33:56.164;100;1.291;4.0
2025-01-18 19:33:56.264;100;1.291;4.0
2025-01-18 19:33:56.364;100;1.291;4.0
2025-01-18 19:33:56.464;100;1.291;4.0
2025-01-18 19:33:56.564;100;1.291;4.0
2025-01-18 19:33:56.664;100;1.318;4.0
2025-01-18 19:33:56.763;100;1.291;4.0
2025-01-18 19:33:56.863;100;1.291;4.0
2025-01-18 19:33:56.964;100;1.291;4.0
2025-01-18 19:33:57.064;100;1.291;4.0
2025-01-18 19:33:57.163;100;1.291;4.0
2025-01-18 19:33:57.264;100;1.291;4.0
2025-01-18 19:33:57.364;100;1.291;4.0
2025-01-18 19:33:57.464;100;1.291;4.0
2025-01-18 19:33:57.564;100;1.291;4.0
2025-01-18 19:33:57.663;100;1.291;4.0
2025-01-18 19:33:57.763;100;1.291;4.0
2025-01-18 19:33:57.864;100;1.291;4.0
2025-01-18 19:33:57.964;100;1.291;4.0
2025-01-18 19:33:58.064;100;1.291;4.0
2025-01-18 19:33:58.164;100;1.291;4.0
2025-01-18 19:33:58.264;100;1.291;4.0
2025-01-18 19:33:58.364;100;1.291;4.0
2025-01-18 19:33:58.464;100;1.318;4.0
2025-01-18 19:33:58.564;100;1.291;4.0
2025-01-18 19:33:58.664;100;1.291;4.0
2025-01-18 19:33:58.764;100;1.291;4.0
2025-01-18 19:33:58.864;100;1.291;4.0
2025-01-18 19:33:58.964;100;1.318;4.0
2025-01-18 19:33:59.064;100;1.291;4.0
2025-01-18 19:33:59.164;100;1.291;4.0
2025-01-18 19:33:59.264;100;1.291;4.0
2025-01-18 19:33:59.364;100;1.318;4.0
2025-01-18 19:33:59.464;100;1.291;4.0
2025-01-18 19:33:59.564;100;1.292;4.0
2025-01-18 19:33:59.664;100;1.318;4.0
2025-01-18 19:33:59.764;100;1.291;4.0
2025-01-18 19:33:59.864;100;1.291;4.0
2025-01-18 19:33:59.964;100;1.291;4.0
2025-01-18 19:34:00.064;100;1.291;4.0
2025-01-18 19:34:00.164;100;1.292;4.0
2025-01-18 19:34:00.264;100;1.318;4.0
2025-01-18 19:34:00.364;100;1.291;4.0
2025-01-18 19:34:00.464;100;1.292;4.0
2025-01-18 19:34:00.564;100;1.292;4.0
2025-01-18 19:34:00.664;100;1.291;4.0
2025-01-18 19:34:00.764;100;1.292;4.0
2025-01-18 19:34:00.864;100;1.292;4.0
2025-01-18 19:34:00.963;100;1.291;4.0
2025-01-18 19:34:01.064;100;1.292;4.0
2025-01-18 19:34:01.164;100;1.292;4.0
2025-01-18 19:34:01.264;100;1.291;4.0
2025-01-18 19:34:01.364;100;1.292;4.0
2025-01-18 19:34:01.463;42;1.292;4.0
2025-01-18 19:34:01.564;42;1.291;4.0
2025-01-18 19:34:01.663;42;1.292;4.0
2025-01-18 19:34:01.763;42;1.292;4.0
2025-01-18 19:34:01.863;42;1.291;4.0
2025-01-18 19:34:01.963;42;1.292;4.0
2025-01-18 19:34:02.063;42;1.318;4.0
2025-01-18 19:34:02.163;42;1.291;4.0
2025-01-18 19:34:02.263;42;1.292;4.0
2025-01-18 19:34:02.363;42;1.292;4.0
2025-01-18 19:34:02.463;42;1.291;4.0
2025-01-18 19:34:02.563;42;1.292;4.0
2025-01-18 19:34:02.663;42;1.292;4.0
2025-01-18 19:34:02.763;42;1.291;4.0
2025-01-18 19:34:02.864;42;1.292;4.0
2025-01-18 19:34:02.964;42;1.292;4.0
2025-01-18 19:34:03.064;42;1.291;4.0
2025-01-18 19:34:03.164;42;1.292;4.0
2025-01-18 19:34:03.264;42;1.292;4.0
2025-01-18 19:34:03.364;42;1.318;4.0
2025-01-18 19:34:03.464;42;1.292;4.0
2025-01-18 19:34:03.564;42;1.292;4.0
2025-01-18 19:34:03.664;42;1.291;4.0
2025-01-18 19:34:03.764;42;1.292;4.0
2025-01-18 19:34:03.863;42;1.292;4.0
2025-01-18 19:34:03.963;42;1.291;4.0
2025-01-18 19:34:04.063;42;1.292;4.0
2025-01-18 19:34:04.163;42;1.292;4.0
2025-01-18 19:34:04.263;42;1.291;4.0
2025-01-18 19:34:04.363;42;1.292;4.0
2025-01-18 19:34:04.463;42;1.292;4.0
2025-01-18 19:34:04.563;42;1.291;4.0
2025-01-18 19:34:04.663;42;1.292;4.0
2025-01-18 19:34:04.763;42;1.292;4.0
2025-01-18 19:34:04.863;42;1.292;4.0
2025-01-18 19:34:04.963;42;1.292;4.0
2025-01-18 19:34:05.063;42;1.292;4.0
2025-01-18 19:34:05.163;42;1.291;4.0
2025-01-18 19:34:05.264;42;1.292;4.0
2025-01-18 19:34:05.364;42;1.318;4.0
2025-01-18 19:34:05.464;42;1.291;4.0
2025-01-18 19:34:05.564;42;1.292;4.0
2025-01-18 19:34:05.664;42;1.292;4.0
2025-01-18 19:34:05.764;42;1.291;4.0
2025-01-18 19:34:05.864;42;1.292;4.0
2025-01-18 19:34:05.964;42;1.292;4.0
2025-01-18 19:34:06.064;42;1.291;4.0
2025-01-18 19:34:06.164;42;1.292;4.0
2025-01-18 19:34:06.264;42;1.292;4.0
2025-01-18 19:34:06.364;42;1.291;4.0
2025-01-18 19:34:06.463;42;1.292;4.0
2025-01-18 19:34:06.564;42;1.292;4.0
2025-01-18 19:34:06.664;42;1.292;4.0
2025-01-18 19:34:06.764;42;1.292;4.0
2025-01-18 19:34:06.864;42;1.318;4.0
2025-01-18 19:34:06.964;42;1.292;4.0
2025-01-18 19:34:07.064;42;1.292;4.0
2025-01-18 19:34:07.164;42;1.292;4.0
2025-01-18 19:34:07.264;42;1.291;4.0
2025-01-18 19:34:07.364;42;1.292;4.0
2025-01-18 19:34:07.464;42;1.292;4.0
2025-01-18 19:34:07.564;42;1.291;4.0
2025-01-18 19:34:07.664;42;1.292;4.0
2025-01-18 19:34:07.764;42;1.318;4.0
2025-01-18 19:34:07.864;42;1.291;4.0
2025-01-18 19:34:07.964;42;1.292;4.0
2025-01-18 19:34:08.064;42;1.292;4.0
2025-01-18 19:34:08.164;42;1.291;4.0
2025-01-18 19:34:08.264;42;1.292;4.0
2025-01-18 19:34:08.364;42;1.318;4.0
2025-01-18 19:34:08.464;42;1.292;4.0
2025-01-18 19:34:08.564;42;1.292;4.0
2025-01-18 19:34:08.664;42;1.292;4.0
2025-01-18 19:34:08.764;42;1.292;4.0
2025-01-18 19:34:08.864;42;1.292;4.0
2025-01-18 19:34:08.964;42;1.318;4.0
2025-01-18 19:34:09.064;42;1.292;4.0
2025-01-18 19:34:09.164;42;1.292;4.0
2025-01-18 19:34:09.264;42;1.318;4.0
2025-01-18 19:34:09.364;42;1.291;4.0
2025-01-18 19:34:09.464;42;1.292;4.0
2025-01-18 19:34:09.564;42;1.318;4.0
2025-01-18 19:34:09.664;42;1.292;4.0
2025-01-18 19:34:09.764;42;1.292;4.0
2025-01-18 19:34:09.864;42;1.292;4.0
2025-01-18 19:34:09.964;42;1.292;4.0
2025-01-18 19:34:10.064;42;1.292;4.0
2025-01-18 19:34:10.164;42;1.292;4.0
2025-01-18 19:34:10.264;42;1.292;4.0
2025-01-18 19:34:10.364;42;1.292;4.0
2025-01-18 19:34:10.464;42;1.292;4.0
2025-01-18 19:34:10.564;42;1.292;4.0
2025-01-18 19:34:10.664;42;1.292;4.0
2025-01-18 19:34:10.764;42;1.292;4.0
2025-01-18 19:34:10.864;42;1.292;4.0
2025-01-18 19:34:10.964;42;1.292;4.0
2025-01-18 19:34:11.064;42;1.292;4.0
2025-01-18 19:34:11.164;42;1.292;4.0
2025-01-18 19:34:11.264;42;1.292;4.0
2025-01-18 19:34:11.364;42;1.318;4.0
2025-01-18 19:34:11.464;100;1.292;4.0
2025-01-18 19:34:11.564;100;1.292;4.0
2025-01-18 19:34:11.664;100;1.292;4.0
2025-01-18 19:34:11.764;100;1.292;4.0
2025-01-18 19:34:11.864;100;1.292;4.0
2025-01-18 19:34:11.964;100;1.292;4.0
2025-01-18 19:34:12.064;100;1.292;4.0
2025-01-18 19:34:12.163;100;1.292;4.0
2025-01-18 19:34:12.264;100;1.292;4.0
2025-01-18 19:34:12.364;100;1.292;4.0
2025-01-18 19:34:12.464;100;1.292;4.0
2025-01-18 19:34:12.564;100;1.292;4.0
2025-01-18 19:34:12.663;100;1.292;4.0
2025-01-18 19:34:12.763;100;1.292;4.0
2025-01-18 19:34:12.863;100;1.292;4.0
2025-01-18 19:34:12.963;100;1.292;4.0
2025-01-18 19:34:13.063;100;1.292;4.0
2025-01-18 19:34:13.163;100;1.292;4.0
2025-01-18 19:34:13.263;100;1.292;4.0
2025-01-18 19:34:13.363;100;1.292;4.0
2025-01-18 19:34:13.463;100;1.292;4.0
2025-01-18 19:34:13.563;100;1.292;4.0
2025-01-18 19:34:13.663;100;1.292;4.0
2025-01-18 19:34:13.763;100;1.318;4.0
2025-01-18 19:34:13.863;100;1.292;4.0
2025-01-18 19:34:13.963;100;1.292;4.0
2025-01-18 19:34:14.063;100;1.292;4.0
2025-01-18 19:34:14.163;100;1.292;4.0
2025-01-18 19:34:14.263;100;1.292;4.0
2025-01-18 19:34:14.363;100;1.292;4.0
2025-01-18 19:34:14.463;100;1.292;4.0
2025-01-18 19:34:14.563;100;1.292;4.0
2025-01-18 19:34:14.663;100;1.318;4.0
2025-01-18 19:34:14.763;100;1.292;4.0
2025-01-18 19:34:14.863;100;1.292;4.0
2025-01-18 19:34:14.963;100;1.318;4.0
2025-01-18 19:34:15.064;100;1.292;4.0
2025-01-18 19:34:15.164;100;1.292;4.0
2025-01-18 19:34:15.264;100;1.318;4.0
2025-01-18 19:34:15.364;100;1.292;4.0
2025-01-18 19:34:15.464;100;1.319;4.0
2025-01-18 19:34:15.564;100;1.292;4.0
2025-01-18 19:34:15.664;100;1.292;4.0
2025-01-18 19:34:15.764;100;1.292;4.0
2025-01-18 19:34:15.864;100;1.318;4.0
2025-01-18 19:34:15.964;100;1.292;4.0
2025-01-18 19:34:16.064;100;1.292;4.0
2025-01-18 19:34:16.164;100;1.292;4.0
2025-01-18 19:34:16.264;100;1.292;4.0
2025-01-18 19:34:16.364;100;1.292;3.9
2025-01-18 19:34:16.464;100;1.292;4.0
2025-01-18 19:34:16.564;100;1.292;4.0
2025-01-18 19:34:16.664;100;1.292;4.0
2025-01-18 19:34:16.764;100;1.292;4.0
2025-01-18 19:34:16.864;100;1.292;4.0
2025-01-18 19:34:16.964;100;1.292;4.0
2025-01-18 19:34:17.064;100;1.318;4.0
2025-01-18 19:34:17.164;100;1.292;4.0
2025-01-18 19:34:17.264;100;1.292;4.0
2025-01-18 19:34:17.364;100;1.319;3.9
2025-01-18 19:34:17.464;100;1.292;4.0
2025-01-18 19:34:17.564;100;1.292;4.0
2025-01-18 19:34:17.664;100;1.292;4.0
2025-01-18 19:34:17.764;100;1.292;4.0
2025-01-18 19:34:17.864;100;1.292;4.0
2025-01-18 19:34:17.964;100;1.292;4.0
2025-01-18 19:34:18.064;100;1.292;4.0
2025-01-18 19:34:18.164;100;1.292;4.0
2025-01-18 19:34:18.264;100;1.319;4.0
2025-01-18 19:34:18.364;100;1.292;4.0
2025-01-18 19:34:18.464;100;1.292;3.9
2025-01-18 19:34:18.564;100;1.319;4.0
2025-01-18 19:34:18.663;100;1.292;4.0
2025-01-18 19:34:18.764;100;1.292;3.9
2025-01-18 19:34:18.864;100;1.318;4.0
2025-01-18 19:34:18.964;100;1.318;4.0
2025-01-18 19:34:19.064;100;1.292;3.9
2025-01-18 19:34:19.164;100;1.318;4.0
2025-01-18 19:34:19.264;100;1.292;4.0
2025-01-18 19:34:19.364;100;1.292;3.9
2025-01-18 19:34:19.464;100;1.319;3.9
2025-01-18 19:34:19.564;100;1.292;4.0
2025-01-18 19:34:19.664;100;1.292;3.9
2025-01-18 19:34:19.764;100;1.319;3.9
2025-01-18 19:34:19.864;100;1.292;4.0
2025-01-18 19:34:19.964;100;1.292;3.9
2025-01-18 19:34:20.064;100;1.319;3.9
2025-01-18 19:34:20.164;100;1.292;4.0
2025-01-18 19:34:20.264;100;1.292;3.9
2025-01-18 19:34:20.364;100;1.319;4.0
2025-01-18 19:34:20.464;100;1.292;4.0
2025-01-18 19:34:20.564;100;1.292;3.9
2025-01-18 19:34:20.663;100;1.319;4.0
2025-01-18 19:34:20.764;100;1.292;4.0
2025-01-18 19:34:20.864;100;1.292;3.9
2025-01-18 19:34:20.964;100;1.319;3.9
2025-01-18 19:34:21.064;100;1.292;4.0
2025-01-18 19:34:21.164;100;1.292;3.9
2025-01-18 19:34:21.264;100;1.319;3.9
2025-01-18 19:34:21.364;100;1.292;4.0
2025-01-18 19:34:21.464;100;1.292;3.9
2025-01-18 19:34:21.564;100;1.319;3.9
2025-01-18 19:34:21.664;100;1.292;4.0
2025-01-18 19:34:21.764;100;1.292;3.9
2025-01-18 19:34:21.864;100;1.292;3.9
2025-01-18 19:34:21.964;100;1.292;4.0
2025-01-18 19:34:22.063;100;1.292;3.9
2025-01-18 19:34:22.163;100;1.319;3.9
2025-01-18 19:34:22.264;100;1.292;4.0
2025-01-18 19:34:22.364;100;1.292;3.9
2025-01-18 19:34:22.464;100;1.319;3.9
2025-01-18 19:34:22.564;100;1.292;4.0
2025-01-18 19:34:22.664;100;1.292;3.9
2025-01-18 19:34:22.764;100;1.292;3.9
2025-01-18 19:34:22.864;100;1.292;4.0
2025-01-18 19:34:22.964;100;1.292;3.9
2025-01-18 19:34:23.064;100;1.292;3.9
2025-01-18 19:34:23.164;100;1.318;4.0
2025-01-18 19:34:23.264;100;1.292;3.9
2025-01-18 19:34:23.364;100;1.319;3.9
2025-01-18 19:34:23.464;100;1.292;4.0
2025-01-18 19:34:23.564;100;1.292;3.9
2025-01-18 19:34:23.663;100;1.292;3.9
2025-01-18 19:34:23.764;100;1.292;4.0
2025-01-18 19:34:23.863;100;1.292;3.9
2025-01-18 19:34:23.964;100;1.319;3.9
2025-01-18 19:34:24.064;100;1.292;4.0
2025-01-18 19:34:24.164;100;1.292;3.9
2025-01-18 19:34:24.264;100;1.319;3.9
2025-01-18 19:34:24.364;100;1.292;4.0
2025-01-18 19:34:24.464;100;1.292;3.9
2025-01-18 19:34:24.564;100;1.319;3.9
2025-01-18 19:34:24.664;100;1.292;3.9
2025-01-18 19:34:24.764;100;1.292;3.9
2025-01-18 19:34:24.864;100;1.292;3.9
2025-01-18 19:34:24.964;100;1.292;3.9
2025-01-18 19:34:25.064;100;1.292;3.9
2025-01-18 19:34:25.164;100;1.292;3.9
2025-01-18 19:34:25.264;100;1.292;4.0
2025-01-18 19:34:25.364;100;1.292;3.9
2025-01-18 19:34:25.464;100;1.292;3.9
2025-01-18 19:34:25.564;100;1.292;3.9
2025-01-18 19:34:25.664;100;1.292;3.9
2025-01-18 19:34:25.764;100;1.292;3.9
2025-01-18 19:34:25.864;100;1.292;3.9
2025-01-18 19:34:25.964;100;1.292;3.9
2025-01-18 19:34:26.064;100;1.292;3.9
2025-01-18 19:34:26.164;100;1.292;4.0
2025-01-18 19:34:26.264;100;1.292;3.9
2025-01-18 19:34:26.364;100;1.292;3.9
2025-01-18 19:34:26.464;100;1.292;4.0
2025-01-18 19:34:26.564;100;1.292;3.9
2025-01-18 19:34:26.664;100;1.292;3.9
2025-01-18 19:34:26.764;100;1.292;4.0
2025-01-18 19:34:26.864;100;1.292;3.9
2025-01-18 19:34:26.964;100;1.319;3.9
2025-01-18 19:34:27.064;100;1.292;3.9
2025-01-18 19:34:27.163;100;1.292;3.9
2025-01-18 19:34:27.264;100;1.319;3.9
2025-01-18 19:34:27.364;100;1.292;3.9
2025-01-18 19:34:27.464;100;1.292;3.9
2025-01-18 19:34:27.564;100;1.319;3.9
2025-01-18 19:34:27.664;100;1.292;3.9
2025-01-18 19:34:27.764;100;1.292;3.9
2025-01-18 19:34:27.864;100;1.292;3.9
2025-01-18 19:34:27.964;100;1.292;4.0
2025-01-18 19:34:28.064;100;1.292;3.9
2025-01-18 19:34:28.163;100;1.292;3.9
2025-01-18 19:34:28.263;100;1.292;3.9
2025-01-18 19:34:28.364;100;1.292;3.9
2025-01-18 19:34:28.464;100;1.292;3.9
2025-01-18 19:34:28.564;100;1.292;3.9
2025-01-18 19:34:28.664;100;1.292;3.9
2025-01-18 19:34:28.764;100;1.292;3.9
2025-01-18 19:34:28.864;100;1.292;3.9
2025-01-18 19:34:28.964;100;1.292;3.9
2025-01-18 19:34:29.064;100;1.292;3.9
2025-01-18 19:34:29.163;100;1.292;3.9
2025-01-18 19:34:29.264;100;1.292;3.9
2025-01-18 19:34:29.364;100;1.292;3.9
2025-01-18 19:34:29.464;100;1.292;3.9
2025-01-18 19:34:29.564;100;1.292;3.9
2025-01-18 19:34:29.664;100;1.292;3.9
2025-01-18 19:34:29.764;100;1.292;3.9
2025-01-18 19:34:29.864;100;1.293;3.9
2025-01-18 19:34:29.964;100;1.292;3.9
2025-01-18 19:34:30.064;100;1.292;3.9
2025-01-18 19:34:30.164;100;1.292;3.9
2025-01-18 19:34:30.264;100;1.292;3.9
2025-01-18 19:34:30.364;100;1.292;3.9
2025-01-18 19:34:30.464;100;1.292;3.9
2025-01-18 19:34:30.564;100;1.292;3.9
2025-01-18 19:34:30.664;100;1.292;3.9
2025-01-18 19:34:30.764;100;1.293;3.9
2025-01-18 19:34:30.864;100;1.319;3.9
2025-01-18 19:34:30.964;100;1.292;3.9
2025-01-18 19:34:31.064;100;1.293;3.9
2025-01-18 19:34:31.163;100;1.292;3.9
2025-01-18 19:34:31.264;100;1.292;3.9
2025-01-18 19:34:31.364;100;1.293;3.9
2025-01-18 19:34:31.463;35;1.292;3.9
2025-01-18 19:34:31.564;35;1.292;3.9
2025-01-18 19:34:31.664;35;1.292;3.9
2025-01-18 19:34:31.764;35;1.292;3.9
2025-01-18 19:34:31.864;35;1.292;3.9
2025-01-18 19:34:31.964;35;1.293;3.9
2025-01-18 19:34:32.064;35;1.292;3.9
2025-01-18 19:34:32.163;35;1.292;3.9
2025-01-18 19:34:32.264;35;1.293;3.9
2025-01-18 19:34:32.364;35;1.292;3.9
2025-01-18 19:34:32.464;35;1.292;3.9
2025-01-18 19:34:32.564;35;1.292;3.9
2025-01-18 19:34:32.664;35;1.292;3.9
2025-01-18 19:34:32.764;35;1.292;3.9
2025-01-18 19:34:32.864;35;1.293;3.9
2025-01-18 19:34:32.964;35;1.319;3.9
2025-01-18 19:34:33.064;35;1.319;3.9
2025-01-18 19:34:33.164;35;1.292;3.9
2025-01-18 19:34:33.264;35;1.319;3.9
2025-01-18 19:34:33.364;35;1.292;3.9
2025-01-18 19:34:33.464;35;1.293;3.9
2025-01-18 19:34:33.564;35;1.319;3.9
2025-01-18 19:34:33.664;35;1.292;3.9
2025-01-18 19:34:33.764;35;1.293;3.9
2025-01-18 19:34:33.864;35;1.292;3.9
2025-01-18 19:34:33.964;35;1.292;3.9
2025-01-18 19:34:34.064;35;1.292;3.9
2025-01-18 19:34:34.164;35;1.292;3.9
2025-01-18 19:34:34.264;35;1.292;3.9
2025-01-18 19:34:34.364;35;1.293;3.9
2025-01-18 19:34:34.464;35;1.292;3.9
2025-01-18 19:34:34.564;35;1.292;3.9
2025-01-18 19:34:34.664;35;1.293;3.9
2025-01-18 19:34:34.764;35;1.292;3.9
2025-01-18 19:34:34.864;35;1.292;3.9
2025-01-18 19:34:34.964;35;1.293;3.9
2025-01-18 19:34:35.064;35;1.319;3.9
2025-01-18 19:34:35.163;35;1.292;3.9
2025-01-18 19:34:35.264;35;1.293;3.9
2025-01-18 19:34:35.364;35;1.319;3.9
2025-01-18 19:34:35.464;35;1.292;3.9
2025-01-18 19:34:35.564;35;1.293;3.9
2025-01-18 19:34:35.664;35;1.319;3.9
2025-01-18 19:34:35.764;35;1.292;3.9
2025-01-18 19:34:35.864;35;1.293;3.9
2025-01-18 19:34:35.964;35;1.319;3.9
2025-01-18 19:34:36.064;35;1.292;3.9
2025-01-18 19:34:36.163;35;1.293;3.9
2025-01-18 19:34:36.264;35;1.293;3.9
2025-01-18 19:34:36.364;35;1.292;3.9
2025-01-18 19:34:36.464;35;1.293;3.9
2025-01-18 19:34:36.564;35;1.293;3.9
2025-01-18 19:34:36.663;35;1.319;3.9
2025-01-18 19:34:36.764;35;1.293;3.9
2025-01-18 19:34:36.864;35;1.319;3.9
2025-01-18 19:34:36.964;35;1.292;3.9
2025-01-18 19:34:37.064;35;1.293;3.9
2025-01-18 19:34:37.163;35;1.293;3.9
2025-01-18 19:34:37.264;35;1.292;3.9
2025-01-18 19:34:37.364;35;1.293;3.9
2025-01-18 19:34:37.464;35;1.293;3.9
2025-01-18 19:34:37.564;35;1.292;3.9
2025-01-18 19:34:37.664;35;1.293;3.9
2025-01-18 19:34:37.764;35;1.319;3.9
2025-01-18 19:34:37.864;35;1.292;3.9
2025-01-18 19:34:37.964;35;1.293;3.9
2025-01-18 19:34:38.064;35;1.293;3.9
2025-01-18 19:34:38.164;35;1.292;3.9
2025-01-18 19:34:38.264;35;1.293;3.9
2025-01-18 19:34:38.364;35;1.293;3.9
2025-01-18 19:34:38.464;35;1.293;3.9
2025-01-18 19:34:38.564;35;1.319;3.9
2025-01-18 19:34:38.663;35;1.293;3.9
2025-01-18 19:34:38.764;35;1.292;3.9
2025-01-18 19:34:38.864;35;1.293;3.9
2025-01-18 19:34:38.964;35;1.293;3.9
2025-01-18 19:34:39.064;35;1.293;3.9
2025-01-18 19:34:39.164;35;1.293;3.9
2025-01-18 19:34:39.264;35;1.293;3.9
2025-01-18 19:34:39.364;35;1.293;3.9
2025-01-18 19:34:39.464;35;1.293;3.9
2025-01-18 19:34:39.564;35;1.319;3.9
2025-01-18 19:34:39.663;35;1.293;3.9
2025-01-18 19:34:39.764;35;1.293;3.9
2025-01-18 19:34:39.864;35;1.293;3.9
2025-01-18 19:34:39.964;35;1.292;3.9
2025-01-18 19:34:40.064;35;1.293;3.9
2025-01-18 19:34:40.163;35;1.293;3.9
2025-01-18 19:34:40.264;35;1.293;3.9
2025-01-18 19:34:40.364;35;1.293;3.9
2025-01-18 19:34:40.464;35;1.319;3.9
2025-01-18 19:34:40.564;35;1.293;3.9
2025-01-18 19:34:40.663;35;1.293;3.9
2025-01-18 19:34:40.764;35;1.293;3.9
2025-01-18 19:34:40.864;35;1.293;3.9
2025-01-18 19:34:40.964;35;1.293;3.9
2025-01-18 19:34:41.064;35;1.319;3.9
2025-01-18 19:34:41.164;35;1.292;3.9
2025-01-18 19:34:41.264;35;1.293;3.9
2025-01-18 19:34:41.364;35;1.293;3.9
2025-01-18 19:34:41.464;100;1.293;3.9
2025-01-18 19:34:41.564;100;1.293;3.9
2025-01-18 19:34:41.663;100;1.319;3.9
2025-01-18 19:34:41.764;100;1.293;3.9
2025-01-18 19:34:41.864;100;1.293;3.9
2025-01-18 19:34:41.964;100;1.293;3.9
2025-01-18 19:34:42.064;100;1.293;3.9
2025-01-18 19:34:42.164;100;1.293;3.9
2025-01-18 19:34:42.264;100;1.319;3.9
2025-01-18 19:34:42.364;100;1.293;3.9
2025-01-18 19:34:42.464;100;1.293;3.9
2025-01-18 19:34:42.564;100;1.319;3.9
2025-01-18 19:34:42.664;100;1.293;3.9
2025-01-18 19:34:42.764;100;1.293;3.9
2025-01-18 19:34:42.864;100;1.293;3.9
2025-01-18 19:34:42.964;100;1.293;3.9
2025-01-18 19:34:43.064;100;1.293;3.9
2025-01-18 19:34:43.163;100;1.293;3.9
2025-01-18 19:34:43.264;100;1.293;3.9
2025-01-18 19:34:43.364;100;1.293;3.9
2025-01-18 19:34:43.463;100;1.319;3.9
2025-01-18 19:34:43.564;100;1.319;3.9
2025-01-18 19:34:43.664;100;1.293;3.9
2025-01-18 19:34:43.764;100;1.293;3.9
2025-01-18 19:34:43.864;100;1.293;3.9
2025-01-18 19:34:43.964;100;1.293;3.9
2025-01-18 19:34:44.064;100;1.293;3.9
2025-01-18 19:34:44.163;100;1.293;3.9
2025-01-18 19:34:44.264;100;1.293;3.9
2025-01-18 19:34:44.364;100;1.319;3.9
2025-01-18 19:34:44.464;100;1.293;3.9
2025-01-18 19:34:44.564;100;1.293;3.9
2025-01-18 19:34:44.664;100;1.319;3.9
2025-01-18 19:34:44.764;100;1.293;3.9
2025-01-18 19:34:44.864;100;1.293;3.9
2025-01-18 19:34:44.964;100;1.293;3.9
2025-01-18 19:34:45.064;100;1.293;3.9
2025-01-18 19:34:45.164;100;1.293;3.9
2025-01-18 19:34:45.264;100;1.293;3.9
2025-01-18 19:34:45.364;100;1.293;3.9
2025-01-18 19:34:45.464;100;1.293;3.9
2025-01-18 19:34:45.564;100;1.319;3.9
2025-01-18 19:34:45.664;100;1.293;3.9
2025-01-18 19:34:45.764;100;1.293;3.9
2025-01-18 19:34:45.864;100;1.319;3.9
2025-01-18 19:34:45.964;100;1.293;3.9
2025-01-18 19:34:46.064;100;1.293;3.9
2025-01-18 19:34:46.164;100;1.319;3.9
2025-01-18 19:34:46.264;100;1.293;3.9
2025-01-18 19:34:46.364;100;1.293;3.9
2025-01-18 19:34:46.464;100;1.319;3.9
2025-01-18 19:34:46.564;100;1.293;3.9
2025-01-18 19:34:46.664;100;1.293;3.9
2025-01-18 19:34:46.764;100;1.319;3.9
2025-01-18 19:34:46.864;100;1.293;3.9
2025-01-18 19:34:46.964;100;1.293;3.9
2025-01-18 19:34:47.064;100;1.319;3.9
2025-01-18 19:34:47.164;100;1.293;3.9
2025-01-18 19:34:47.264;100;1.293;3.9
2025-01-18 19:34:47.364;100;1.293;3.9
2025-01-18 19:34:47.464;100;1.293;3.9
2025-01-18 19:34:47.564;100;1.293;3.9
2025-01-18 19:34:47.664;100;1.319;3.9
2025-01-18 19:34:47.764;100;1.293;3.9
2025-01-18 19:34:47.864;100;1.293;3.9
2025-01-18 19:34:47.964;100;1.319;3.9
2025-01-18 19:34:48.064;100;1.293;3.9
2025-01-18 19:34:48.164;100;1.293;3.9
2025-01-18 19:34:48.264;100;1.319;3.9
2025-01-18 19:34:48.364;100;1.293;3.9
2025-01-18 19:34:48.464;100;1.293;3.9
2025-01-18 19:34:48.564;100;1.319;3.9
2025-01-18 19:34:48.664;100;1.293;3.9
2025-01-18 19:34:48.764;100;1.293;3.9
2025-01-18 19:34:48.864;100;1.293;3.9
2025-01-18 19:34:48.964;100;1.293;3.9
2025-01-18 19:34:49.064;100;1.293;3.9
2025-01-18 19:34:49.163;100;1.319;3.9
2025-01-18 19:34:49.264;100;1.319;3.9
2025-01-18 19:34:49.364;100;1.293;3.9
2025-01-18 19:34:49.464;100;1.319;3.9
2025-01-18 19:34:49.564;100;1.293;3.9
2025-01-18 19:34:49.663;100;1.293;3.9
2025-01-18 19:34:49.764;100;1.319;3.9
2025-01-18 19:34:49.864;100;1.293;3.9
2025-01-18 19:34:49.964;100;1.293;3.9
2025-01-18 19:34:50.064;100;1.320;3.9
2025-01-18 19:34:50.163;100;1.293;3.9
2025-01-18 19:34:50.264;100;1.293;3.9
2025-01-18 19:34:50.364;100;1.293;3.9
2025-01-18 19:34:50.463;100;1.293;3.9
2025-01-18 19:34:50.564;100;1.293;3.9
2025-01-18 19:34:50.664;100;1.319;3.9
2025-01-18 19:34:50.764;100;1.293;3.9
2025-01-18 19:34:50.864;100;1.293;3.9
2025-01-18 19:34:50.964;100;1.293;3.9
2025-01-18 19:34:51.064;100;1.293;3.9
2025-01-18 19:34:51.164;100;1.293;3.9
2025-01-18 19:34:51.264;100;1.320;3.9
2025-01-18 19:34:51.364;100;1.293;3.9
2025-01-18 19:34:51.464;100;1.293;3.9
2025-01-18 19:34:51.564;100;1.319;3.9
2025-01-18 19:34:51.664;100;1.293;3.9
2025-01-18 19:34:51.764;100;1.293;3.9
2025-01-18 19:34:51.864;100;1.319;3.9
2025-01-18 19:34:51.964;100;1.293;3.9
2025-01-18 19:34:52.064;100;1.293;3.9
2025-01-18 19:34:52.163;100;1.320;3.9
2025-01-18 19:34:52.264;100;1.293;3.9
2025-01-18 19:34:52.364;100;1.293;3.9
2025-01-18 19:34:52.464;100;1.293;3.9
2025-01-18 19:34:52.564;100;1.293;3.9
2025-01-18 19:34:52.664;100;1.293;3.9
2025-01-18 19:34:52.764;100;1.320;3.9
2025-01-18 19:34:52.864;100;1.293;3.9
2025-01-18 19:34:52.964;100;1.293;3.9
2025-01-18 19:34:53.064;100;1.293;3.9
2025-01-18 19:34:53.164;100;1.320;3.9
2025-01-18 19:34:53.264;100;1.293;3.9
2025-01-18 19:34:53.364;100;1.320;3.9
2025-01-18 19:34:53.464;100;1.293;3.9
2025-01-18 19:34:53.564;100;1.293;3.9
2025-01-18 19:34:53.664;100;1.293;3.9
2025-01-18 19:34:53.764;100;1.293;3.9
2025-01-18 19:34:53.864;100;1.293;3.9
2025-01-18 19:34:53.964;100;1.320;3.9
2025-01-18 19:34:54.064;100;1.293;3.9
2025-01-18 19:34:54.164;100;1.293;3.9
2025-01-18 19:34:54.264;100;1.320;3.9
2025-01-18 19:34:54.364;100;1.320;3.9
2025-01-18 19:34:54.464;100;1.293;3.9
2025-01-18 19:34:54.564;100;1.293;3.9
2025-01-18 19:34:54.663;100;1.293;3.9
2025-01-18 19:34:54.764;100;1.293;3.9
2025-01-18 19:34:54.864;100;1.320;3.9
2025-01-18 19:34:54.964;100;1.293;3.9
2025-01-18 19:34:55.064;100;1.293;3.9
2025-01-18 19:34:55.164;100;1.293;3.9
2025-01-18 19:34:55.264;100;1.293;3.9
2025-01-18 19:34:55.364;100;1.293;3.9
2025-01-18 19:34:55.464;100;1.320;3.9
2025-01-18 19:34:55.564;100;1.293;3.9
2025-01-18 19:34:55.664;100;1.293;3.9
2025-01-18 19:34:55.764;100;1.293;3.9
2025-01-18 19:34:55.864;100;1.293;3.9
2025-01-18 19:34:55.964;100;1.293;3.9
2025-01-18 19:34:56.064;100;1.293;3.9
2025-01-18 19:34:56.164;100;1.293;3.9
2025-01-18 19:34:56.264;100;1.267;3.9
2025-01-18 19:34:56.364;100;1.293;3.9
2025-01-18 19:34:56.464;100;1.293;3.9
2025-01-18 19:34:56.564;100;1.293;3.9
2025-01-18 19:34:56.664;100;1.320;3.9
2025-01-18 19:34:56.764;100;1.293;3.9
2025-01-18 19:34:56.864;100;1.293;3.9
2025-01-18 19:34:56.964;100;1.293;3.9
2025-01-18 19:34:57.064;100;1.293;3.9
2025-01-18 19:34:57.164;100;1.293;3.9
2025-01-18 19:34:57.264;100;1.320;3.9
2025-01-18 19:34:57.364;100;1.293;3.9
2025-01-18 19:34:57.464;100;1.293;3.9
2025-01-18 19:34:57.564;100;1.293;3.9
2025-01-18 19:34:57.664;100;1.293;3.9
2025-01-18 19:34:57.764;100;1.293;3.9
2025-01-18 19:34:57.864;100;1.320;3.9
2025-01-18 19:34:57.964;100;1.293;3.9
2025-01-18 19:34:58.064;100;1.293;3.9
2025-01-18 19:34:58.164;100;1.320;3.9
2025-01-18 19:34:58.264;100;1.293;3.9
2025-01-18 19:34:58.364;100;1.293;3.9
2025-01-18 19:34:58.464;100;1.293;3.9
2025-01-18 19:34:58.564;100;1.293;3.9
2025-01-18 19:34:58.664;100;1.293;3.9
2025-01-18 19:34:58.764;100;1.320;3.9
2025-01-18 19:34:58.864;100;1.293;3.9
2025-01-18 19:34:58.964;100;1.320;3.9
2025-01-18 19:34:59.064;100;1.293;3.9
2025-01-18 19:34:59.163;100;1.293;3.9
2025-01-18 19:34:59.264;100;1.293;3.9
2025-01-18 19:34:59.364;100;1.293;3.9
2025-01-18 19:34:59.464;100;1.293;3.9
2025-01-18 19:34:59.564;100;1.293;3.9
2025-01-18 19:34:59.663;100;1.293;3.9
2025-01-18 19:34:59.764;100;1.293;3.9
2025-01-18 19:34:59.864;100;1.293;3.9
2025-01-18 19:34:59.964;100;1.320;3.9
2025-01-18 19:35:00.064;100;1.293;3.9
2025-01-18 19:35:00.164;100;1.293;3.9
2025-01-18 19:35:00.264;100;1.320;3.9
2025-01-18 19:35:00.364;100;1.293;3.9
2025-01-18 19:35:00.464;100;1.293;3.9
2025-01-18 19:35:00.564;100;1.293;3.9
2025-01-18 19:35:00.663;100;1.293;3.9
2025-01-18 19:35:00.764;100;1.294;3.9
2025-01-18 19:35:00.864;100;1.293;3.9
2025-01-18 19:35:00.964;100;1.293;3.9
2025-01-18 19:35:01.064;100;1.294;3.9
2025-01-18 19:35:01.164;100;1.320;3.9
2025-01-18 19:35:01.264;100;1.293;3.9
2025-01-18 19:35:01.363;100;1.294;3.9
2025-01-18 19:35:01.464;100;1.293;3.9
2025-01-18 19:35:01.564;100;1.293;3.9
2025-01-18 19:35:01.664;100;1.294;3.9
2025-01-18 19:35:01.764;100;1.320;3.9
2025-01-18 19:35:01.864;100;1.293;3.9
2025-01-18 19:35:01.964;100;1.294;3.9
2025-01-18 19:35:02.064;100;1.293;3.9
2025-01-18 19:35:02.164;100;1.293;3.9
2025-01-18 19:35:02.264;100;1.294;3.9
2025-01-18 19:35:02.364;100;1.320;3.9
2025-01-18 19:35:02.464;100;1.293;3.9
2025-01-18 19:35:02.564;100;1.294;3.9
2025-01-18 19:35:02.663;100;1.293;3.9
2025-01-18 19:35:02.764;100;1.293;3.9
2025-01-18 19:35:02.864;100;1.294;3.9
2025-01-18 19:35:02.964;100;1.293;3.9
2025-01-18 19:35:03.064;100;1.293;3.9
2025-01-18 19:35:03.163;100;1.294;3.9
2025-01-18 19:35:03.264;100;1.293;3.9
2025-01-18 19:35:03.364;100;1.293;3.9
2025-01-18 19:35:03.464;100;1.293;3.9
2025-01-18 19:35:03.564;100;1.293;3.9
2025-01-18 19:35:03.663;100;1.293;3.9
2025-01-18 19:35:03.764;100;1.294;3.9
2025-01-18 19:35:03.864;100;1.293;3.9
2025-01-18 19:35:03.964;100;1.293;3.9
2025-01-18 19:35:04.064;100;1.294;3.9
2025-01-18 19:35:04.163;100;1.320;3.9
2025-01-18 19:35:04.264;100;1.320;3.9
2025-01-18 19:35:04.364;100;1.293;3.9
2025-01-18 19:35:04.464;100;1.293;3.9
2025-01-18 19:35:04.564;100;1.293;3.9
2025-01-18 19:35:04.663;100;1.294;3.9
2025-01-18 19:35:04.764;100;1.294;3.9
2025-01-18 19:35:04.864;100;1.293;3.9
2025-01-18 19:35:04.964;100;1.294;3.9
2025-01-18 19:35:05.064;100;1.293;3.9
2025-01-18 19:35:05.163;100;1.293;3.9
2025-01-18 19:35:05.264;100;1.294;3.9
2025-01-18 19:35:05.364;100;1.320;3.9
2025-01-18 19:35:05.464;100;1.293;3.9
2025-01-18 19:35:05.564;100;1.294;3.9
2025-01-18 19:35:05.663;100;1.294;3.9
2025-01-18 19:35:05.764;100;1.293;3.9
2025-01-18 19:35:05.864;100;1.294;3.9
2025-01-18 19:35:05.964;100;1.294;3.9
2025-01-18 19:35:06.064;100;1.293;3.9
2025-01-18 19:35:06.164;100;1.294;3.9
2025-01-18 19:35:06.264;100;1.294;3.9
2025-01-18 19:35:06.364;100;1.293;3.9
2025-01-18 19:35:06.464;100;1.294;3.9
2025-01-18 19:35:06.564;100;1.294;3.9
2025-01-18 19:35:06.664;100;1.293;3.9
2025-01-18 19:35:06.764;100;1.294;3.9
2025-01-18 19:35:06.863;100;1.294;3.9
2025-01-18 19:35:06.964;100;1.293;3.9
2025-01-18 19:35:07.064;100;1.294;3.9
2025-01-18 19:35:07.163;100;1.294;3.9
2025-01-18 19:35:07.264;100;1.293;3.9
2025-01-18 19:35:07.364;100;1.294;3.9
2025-01-18 19:35:07.464;100;1.294;3.9
2025-01-18 19:35:07.564;100;1.294;3.9
2025-01-18 19:35:07.663;100;1.294;3.9
2025-01-18 19:35:07.764;100;1.294;3.9
2025-01-18 19:35:07.864;100;1.293;3.9
2025-01-18 19:35:07.964;100;1.294;3.9
2025-01-18 19:35:08.064;100;1.294;3.9
2025-01-18 19:35:08.163;100;1.293;3.9
2025-01-18 19:35:08.264;100;1.294;3.9
2025-01-18 19:35:08.364;100;1.293;3.9
2025-01-18 19:35:08.464;100;1.293;3.9
2025-01-18 19:35:08.564;100;1.294;3.9
2025-01-18 19:35:08.664;100;1.294;3.9
2025-01-18 19:35:08.764;100;1.294;3.9
2025-01-18 19:35:08.864;100;1.294;3.9
2025-01-18 19:35:08.964;100;1.294;3.9
2025-01-18 19:35:09.064;100;1.267;3.9
2025-01-18 19:35:09.164;100;1.294;3.9
2025-01-18 19:35:09.264;100;1.294;3.9
2025-01-18 19:35:09.364;100;1.294;3.9
2025-01-18 19:35:09.464;100;1.294;3.9
2025-01-18 19:35:09.564;100;1.294;3.9
2025-01-18 19:35:09.663;100;1.294;3.9
2025-01-18 19:35:09.764;100;1.294;3.9
2025-01-18 19:35:09.864;100;1.294;3.9
2025-01-18 19:35:09.964;100;1.294;3.9
2025-01-18 19:35:10.064;100;1.294;3.9
2025-01-18 19:35:10.163;100;1.294;3.9
2025-01-18 19:35:10.264;100;1.294;3.9
2025-01-18 19:35:10.364;100;1.294;3.9
2025-01-18 19:35:10.464;100;1.294;3.9
2025-01-18 19:35:10.564;100;1.294;3.9
2025-01-18 19:35:10.663;100;1.294;3.9
2025-01-18 19:35:10.764;100;1.320;3.9
2025-01-18 19:35:10.864;100;1.294;3.9
2025-01-18 19:35:10.964;100;1.294;3.9
2025-01-18 19:35:11.064;100;1.294;3.9
2025-01-18 19:35:11.164;100;1.294;3.9
2025-01-18 19:35:11.264;100;1.294;3.9
2025-01-18 19:35:11.364;100;1.294;3.9
2025-01-18 19:35:11.464;100;1.294;3.9
2025-01-18 19:35:11.564;100;1.294;3.9
2025-01-18 19:35:11.664;100;1.294;3.9
2025-01-18 19:35:11.764;100;1.294;3.9
2025-01-18 19:35:11.864;100;1.294;3.9
2025-01-18 19:35:11.964;100;1.320;3.9
2025-01-18 19:35:12.064;100;1.294;3.9
2025-01-18 19:35:12.164;100;1.294;3.9
2025-01-18 19:35:12.264;100;1.294;3.9
2025-01-18 19:35:12.364;100;1.294;3.9
2025-01-18 19:35:12.464;100;1.294;3.9
2025-01-18 19:35:12.564;100;1.294;3.9
2025-01-18 19:35:12.664;100;1.294;3.9
2025-01-18 19:35:12.764;100;1.294;3.9
2025-01-18 19:35:12.864;100;1.294;3.9
2025-01-18 19:35:12.964;100;1.294;3.9
2025-01-18 19:35:13.064;100;1.294;3.9
2025-01-18 19:35:13.163;100;1.294;3.9
2025-01-18 19:35:13.264;100;1.294;3.9
2025-01-18 19:35:13.364;100;1.294;3.9
2025-01-18 19:35:13.464;100;1.294;3.9
2025-01-18 19:35:13.564;100;1.320;3.9
2025-01-18 19:35:13.663;100;1.294;3.9
2025-01-18 19:35:13.764;100;1.294;3.9
2025-01-18 19:35:13.864;100;1.294;3.9
2025-01-18 19:35:13.964;100;1.294;3.9
2025-01-18 19:35:14.064;100;1.294;3.9
2025-01-18 19:35:14.164;100;1.294;3.9
2025-01-18 19:35:14.264;100;1.294;3.9
2025-01-18 19:35:14.364;100;1.294;3.9
2025-01-18 19:35:14.464;100;1.294;3.9
2025-01-18 19:35:14.564;100;1.294;3.9
2025-01-18 19:35:14.664;100;1.294;3.9
2025-01-18 19:35:14.764;100;1.294;3.9
2025-01-18 19:35:14.864;100;1.294;3.9
2025-01-18 19:35:14.964;100;1.294;3.9
2025-01-18 19:35:15.064;100;1.294;3.9
2025-01-18 19:35:15.163;100;1.294;3.9
2025-01-18 19:35:15.264;100;1.294;3.9
2025-01-18 19:35:15.364;100;1.294;3.9
2025-01-18 19:35:15.464;100;1.294;3.9
2025-01-18 19:35:15.564;100;1.294;3.9
2025-01-18 19:35:15.664;100;1.294;3.9
2025-01-18 19:35:15.764;100;1.294;3.9
2025-01-18 19:35:15.864;100;1.294;3.9
2025-01-18 19:35:15.964;100;1.294;3.9
2025-01-18 19:35:16.064;100;1.294;3.9
2025-01-18 19:35:16.164;100;1.294;3.9
2025-01-18 19:35:16.264;100;1.294;3.9
2025-01-18 19:35:16.364;100;1.294;3.9
2025-01-18 19:35:16.464;100;1.294;3.9
2025-01-18 19:35:16.564;100;1.294;3.9
2025-01-18 19:35:16.664;100;1.294;3.9
2025-01-18 19:35:16.764;100;1.294;3.9
2025-01-18 19:35:16.864;100;1.294;3.9
2025-01-18 19:35:16.964;100;1.294;3.9
2025-01-18 19:35:17.064;100;1.294;3.9
2025-01-18 19:35:17.164;100;1.294;3.9
2025-01-18 19:35:17.264;100;1.294;3.9
2025-01-18 19:35:17.364;100;1.294;3.9
2025-01-18 19:35:17.464;100;1.294;3.9
2025-01-18 19:35:17.564;100;1.294;3.9
2025-01-18 19:35:17.664;100;1.294;3.9
2025-01-18 19:35:17.764;100;1.294;3.9
2025-01-18 19:35:17.864;100;1.294;3.9
2025-01-18 19:35:17.964;100;1.294;3.9
2025-01-18 19:35:18.064;100;1.294;3.9
2025-01-18 19:35:18.164;100;1.294;3.9
2025-01-18 19:35:18.264;100;1.294;3.9
2025-01-18 19:35:18.364;100;1.294;3.9
2025-01-18 19:35:18.464;100;1.294;3.9
2025-01-18 19:35:18.564;100;1.294;3.9
2025-01-18 19:35:18.664;100;1.294;3.9
2025-01-18 19:35:18.764;100;1.294;3.9
2025-01-18 19:35:18.864;100;1.294;3.9
2025-01-18 19:35:18.964;100;1.294;3.9
2025-01-18 19:35:19.064;100;1.294;3.9
2025-01-18 19:35:19.163;100;1.294;3.9
2025-01-18 19:35:19.264;100;1.294;3.9
2025-01-18 19:35:19.364;100;1.294;3.9
2025-01-18 19:35:19.464;100;1.294;3.9
2025-01-18 19:35:19.564;100;1.294;3.9
2025-01-18 19:35:19.664;100;1.294;3.9
2025-01-18 19:35:19.764;100;1.294;3.9
2025-01-18 19:35:19.864;100;1.294;3.9
2025-01-18 19:35:19.964;100;1.294;3.9
2025-01-18 19:35:20.063;100;1.294;3.9
2025-01-18 19:35:20.163;100;1.294;3.9
2025-01-18 19:35:20.264;100;1.294;3.9
2025-01-18 19:35:20.364;100;1.294;3.9
2025-01-18 19:35:20.464;100;1.294;3.9
2025-01-18 19:35:20.564;100;1.294;3.9
2025-01-18 19:35:20.664;100;1.294;3.9
2025-01-18 19:35:20.764;100;1.294;3.9
2025-01-18 19:35:20.864;100;1.294;3.9
2025-01-18 19:35:20.964;100;1.294;3.9
2025-01-18 19:35:21.064;100;1.294;3.9
2025-01-18 19:35:21.164;100;1.294;3.9
2025-01-18 19:35:21.264;100;1.294;3.9
2025-01-18 19:35:21.364;100;1.294;3.9
2025-01-18 19:35:21.464;100;1.294;3.9
2025-01-18 19:35:21.564;100;1.294;3.9
2025-01-18 19:35:21.663;100;1.294;3.9
2025-01-18 19:35:21.764;100;1.294;3.9
2025-01-18 19:35:21.864;100;1.294;3.9
2025-01-18 19:35:21.964;100;1.294;3.9
2025-01-18 19:35:22.064;100;1.294;3.9
2025-01-18 19:35:22.164;100;1.294;3.9
2025-01-18 19:35:22.264;100;1.294;3.9
2025-01-18 19:35:22.364;100;1.294;3.9
2025-01-18 19:35:22.464;100;1.294;3.9
2025-01-18 19:35:22.564;100;1.294;3.9
2025-01-18 19:35:22.664;100;1.294;3.9
2025-01-18 19:35:22.764;100;1.294;3.9
2025-01-18 19:35:22.864;100;1.294;3.9
2025-01-18 19:35:22.964;100;1.294;3.9
2025-01-18 19:35:23.064;100;1.294;3.9
2025-01-18 19:35:23.164;100;1.294;3.9
2025-01-18 19:35:23.264;100;1.294;3.9
2025-01-18 19:35:23.364;100;1.294;3.9
2025-01-18 19:35:23.464;100;1.294;3.9
2025-01-18 19:35:23.564;100;1.294;3.9
2025-01-18 19:35:23.663;100;1.294;3.9
2025-01-18 19:35:23.764;100;1.294;3.9
2025-01-18 19:35:23.864;100;1.294;3.9
2025-01-18 19:35:23.964;100;1.294;3.9
2025-01-18 19:35:24.064;100;1.294;3.9
2025-01-18 19:35:24.164;100;1.294;3.9
2025-01-18 19:35:24.264;100;1.294;3.9
2025-01-18 19:35:24.364;100;1.294;3.9
2025-01-18 19:35:24.464;100;1.294;3.9
2025-01-18 19:35:24.564;100;1.294;3.9
2025-01-18 19:35:24.664;100;1.294;3.9
2025-01-18 19:35:24.764;100;1.294;3.9
2025-01-18 19:35:24.864;100;1.294;3.9
2025-01-18 19:35:24.964;100;1.294;3.9
2025-01-18 19:35:25.064;100;1.294;3.9
2025-01-18 19:35:25.164;100;1.294;3.9
2025-01-18 19:35:25.264;100;1.294;3.9
2025-01-18 19:35:25.364;100;1.294;3.9
2025-01-18 19:35:25.464;100;1.294;3.9
2025-01-18 19:35:25.564;100;1.294;3.9
2025-01-18 19:35:25.663;100;1.294;3.9
2025-01-18 19:35:25.764;100;1.294;3.9
2025-01-18 19:35:25.864;100;1.294;3.9
2025-01-18 19:35:25.964;100;1.294;3.9
2025-01-18 19:35:26.064;100;1.294;3.9
2025-01-18 19:35:26.163;100;1.294;3.9
2025-01-18 19:35:26.264;100;1.294;3.9
2025-01-18 19:35:26.364;100;1.294;3.9
2025-01-18 19:35:26.464;100;1.294;3.9
2025-01-18 19:35:26.564;100;1.294;3.9
2025-01-18 19:35:26.663;100;1.294;3.9
2025-01-18 19:35:26.764;100;1.294;3.9
2025-01-18 19:35:26.864;100;1.294;3.9
2025-01-18 19:35:26.964;100;1.294;3.9
2025-01-18 19:35:27.064;100;1.294;3.9
2025-01-18 19:35:27.164;100;1.294;3.9
2025-01-18 19:35:27.264;100;1.294;3.9
2025-01-18 19:35:27.364;100;1.294;3.9
2025-01-18 19:35:27.464;100;1.294;3.9
2025-01-18 19:35:27.563;100;1.294;3.9
2025-01-18 19:35:27.663;100;1.294;3.9
2025-01-18 19:35:27.764;100;1.294;3.9
2025-01-18 19:35:27.864;100;1.294;3.9
2025-01-18 19:35:27.964;100;1.294;3.9
2025-01-18 19:35:28.064;100;1.294;3.9
2025-01-18 19:35:28.163;100;1.294;3.9
2025-01-18 19:35:28.264;100;1.294;3.9
2025-01-18 19:35:28.364;100;1.294;3.9
2025-01-18 19:35:28.464;100;1.294;3.9
2025-01-18 19:35:28.564;100;1.295;3.9
2025-01-18 19:35:28.664;100;1.294;3.9
2025-01-18 19:35:28.764;100;1.294;3.9
2025-01-18 19:35:28.864;100;1.294;3.9
2025-01-18 19:35:28.964;100;1.294;3.9
2025-01-18 19:35:29.064;100;1.294;3.9
2025-01-18 19:35:29.164;100;1.294;3.9
2025-01-18 19:35:29.264;100;1.294;3.9
2025-01-18 19:35:29.364;100;1.321;3.9
2025-01-18 19:35:29.464;100;1.294;3.9
2025-01-18 19:35:29.564;100;1.295;3.9
2025-01-18 19:35:29.663;100;1.294;3.9
2025-01-18 19:35:29.764;100;1.294;3.9
2025-01-18 19:35:29.864;100;1.294;3.9
2025-01-18 19:35:29.964;100;1.294;3.9
2025-01-18 19:35:30.064;100;1.294;3.9
2025-01-18 19:35:30.164;100;1.294;3.9
2025-01-18 19:35:30.264;100;1.294;3.9
2025-01-18 19:35:30.364;100;1.295;3.9
2025-01-18 19:35:30.464;100;1.295;3.9
2025-01-18 19:35:30.564;100;1.294;3.9
2025-01-18 19:35:30.664;100;1.295;3.9
2025-01-18 19:35:30.764;100;1.295;3.9
2025-01-18 19:35:30.864;100;1.294;3.9
2025-01-18 19:35:30.964;100;1.294;3.9
2025-01-18 19:35:31.064;100;1.295;3.9
2025-01-18 19:35:31.164;100;1.294;3.9
2025-01-18 19:35:31.264;100;1.295;3.9
2025-01-18 19:35:31.364;100;1.295;3.9
2025-01-18 19:35:31.464;100;1.294;3.9
2025-01-18 19:35:31.564;100;1.294;3.9
2025-01-18 19:35:31.664;100;1.294;3.9
2025-01-18 19:35:31.764;100;1.294;3.9
2025-01-18 19:35:31.864;100;1.295;3.9
2025-01-18 19:35:31.964;100;1.295;3.9
2025-01-18 19:35:32.064;100;1.294;3.9
2025-01-18 19:35:32.164;100;1.294;3.9
2025-01-18 19:35:32.264;100;1.295;3.9
2025-01-18 19:35:32.364;100;1.294;3.9
2025-01-18 19:35:32.464;100;1.295;3.9
2025-01-18 19:35:32.563;100;1.295;3.9
2025-01-18 19:35:32.664;100;1.295;3.9
2025-01-18 19:35:32.764;100;1.295;3.9
2025-01-18 19:35:32.864;100;1.295;3.9
2025-01-18 19:35:32.964;100;1.294;3.9
2025-01-18 19:35:33.064;100;1.295;3.9
2025-01-18 19:35:33.164;100;1.295;3.9
2025-01-18 19:35:33.264;100;1.295;3.9
2025-01-18 19:35:33.364;100;1.295;3.9
2025-01-18 19:35:33.464;100;1.295;3.9
2025-01-18 19:35:33.563;100;1.295;3.9
2025-01-18 19:35:33.663;100;1.295;3.9
2025-01-18 19:35:33.764;100;1.295;3.9
2025-01-18 19:35:33.863;100;1.295;3.9
2025-01-18 19:35:33.964;100;1.295;3.9
2025-01-18 19:35:34.064;100;1.295;3.9
2025-01-18 19:35:34.163;100;1.295;3.9
2025-01-18 19:35:34.264;100;1.295;3.9
2025-01-18 19:35:34.363;100;1.295;3.9
2025-01-18 19:35:34.464;100;1.295;3.9
2025-01-18 19:35:34.564;100;1.295;3.9
2025-01-18 19:35:34.663;100;1.295;3.9
2025-01-18 19:35:34.764;100;1.295;3.9
2025-01-18 19:35:34.864;100;1.295;3.9
2025-01-18 19:35:34.964;100;1.295;3.9
2025-01-18 19:35:35.064;100;1.295;3.9
2025-01-18 19:35:35.164;100;1.295;3.9
2025-01-18 19:35:35.264;100;1.295;3.9
2025-01-18 19:35:35.364;100;1.295;3.9
2025-01-18 19:35:35.464;100;1.295;3.9
2025-01-18 19:35:35.564;100;1.295;3.9
2025-01-18 19:35:35.663;100;1.295;3.9
2025-01-18 19:35:35.764;100;1.295;3.9
2025-01-18 19:35:35.864;100;1.295;3.9
2025-01-18 19:35:35.964;100;1.295;3.9
2025-01-18 19:35:36.064;100;1.295;3.9
2025-01-18 19:35:36.164;100;1.321;3.9
2025-01-18 19:35:36.264;100;1.295;3.9
2025-01-18 19:35:36.364;100;1.295;3.9
2025-01-18 19:35:36.464;100;1.295;3.9
2025-01-18 19:35:36.564;100;1.295;3.9
2025-01-18 19:35:36.664;100;1.295;3.9
2025-01-18 19:35:36.764;100;1.295;3.9
2025-01-18 19:35:36.864;100;1.295;3.9
2025-01-18 19:35:36.964;100;1.295;3.9
2025-01-18 19:35:37.064;100;1.295;3.9
2025-01-18 19:35:37.164;100;1.295;3.9
2025-01-18 19:35:37.264;100;1.295;3.9
2025-01-18 19:35:37.364;100;1.295;3.9
2025-01-18 19:35:37.464;100;1.295;3.9
2025-01-18 19:35:37.564;100;1.295;3.9
2025-01-18 19:35:37.663;100;1.295;3.9
2025-01-18 19:35:37.764;100;1.295;3.9
2025-01-18 19:35:37.864;100;1.295;3.9
2025-01-18 19:35:37.964;100;1.295;3.9
2025-01-18 19:35:38.064;100;1.295;3.9
2025-01-18 19:35:38.164;100;1.321;3.9
2025-01-18 19:35:38.264;100;1.295;3.9
2025-01-18 19:35:38.364;100;1.295;3.9
2025-01-18 19:35:38.464;100;1.295;3.9
2025-01-18 19:35:38.564;100;1.295;3.9
2025-01-18 19:35:38.664;100;1.295;3.9
2025-01-18 19:35:38.764;100;1.295;3.9
2025-01-18 19:35:38.864;100;1.295;3.9
2025-01-18 19:35:38.964;100;1.295;3.9
2025-01-18 19:35:39.064;100;1.295;3.9
2025-01-18 19:35:39.164;100;1.295;3.9
2025-01-18 19:35:39.264;100;1.295;3.9
2025-01-18 19:35:39.363;100;1.295;3.9
2025-01-18 19:35:39.464;100;1.295;3.9
2025-01-18 19:35:39.564;100;1.295;3.9
2025-01-18 19:35:39.664;100;1.295;3.9
2025-01-18 19:35:39.764;100;1.295;3.9
2025-01-18 19:35:39.864;100;1.295;3.9
2025-01-18 19:35:39.964;100;1.295;3.9
2025-01-18 19:35:40.064;100;1.295;3.9
2025-01-18 19:35:40.164;100;1.295;3.9
2025-01-18 19:35:40.264;100;1.295;3.9
2025-01-18 19:35:40.364;100;1.321;3.9
2025-01-18 19:35:40.464;100;1.374;3.9
2025-01-18 19:35:40.564;100;1.401;3.9
2025-01-18 19:35:40.664;100;1.560;3.9
2025-01-18 19:35:40.764;100;2.568;3.9
2025-01-18 19:35:40.864;100;8.989;3.9
2025-01-18 19:35:40.964;100;17.639;3.8
2025-01-18 19:35:41.064;100;32.258;3.8
2025-01-18 19:35:41.164;100;41.278;3.8
2025-01-18 19:35:41.264;100;45.629;3.8
2025-01-18 19:35:41.364;100;46.160;3.8
2025-01-18 19:35:41.464;100;45.921;3.8
2025-01-18 19:35:41.564;100;45.762;3.8
2025-01-18 19:35:41.663;100;45.364;3.8
2025-01-18 19:35:41.764;100;44.860;3.8
2025-01-18 19:35:41.864;100;44.435;3.8
2025-01-18 19:35:41.964;100;44.568;3.8
2025-01-18 19:35:42.064;100;44.037;3.8
2025-01-18 19:35:42.164;100;44.064;3.8
2025-01-18 19:35:42.264;100;43.480;3.8
2025-01-18 19:35:42.364;100;43.586;3.8
2025-01-18 19:35:42.464;100;43.003;3.8
2025-01-18 19:35:42.564;100;42.578;3.8
2025-01-18 19:35:42.664;100;42.101;3.8
2025-01-18 19:35:42.764;100;41.729;3.8
2025-01-18 19:35:42.864;100;40.747;3.8
2025-01-18 19:35:42.964;100;39.925;3.8
2025-01-18 19:35:43.064;100;38.811;3.8
2025-01-18 19:35:43.163;100;37.962;3.8
2025-01-18 19:35:43.264;100;36.529;3.8
2025-01-18 19:35:43.364;100;35.760;3.8
2025-01-18 19:35:43.464;100;34.911;3.8
2025-01-18 19:35:43.564;100;34.062;3.8
2025-01-18 19:35:43.664;100;32.523;3.8
2025-01-18 19:35:43.764;100;30.798;3.8
2025-01-18 19:35:43.864;100;28.994;3.8
2025-01-18 19:35:43.964;100;27.323;3.8
2025-01-18 19:35:44.064;100;24.961;3.8
2025-01-18 19:35:44.163;100;22.388;3.8
2025-01-18 19:35:44.264;100;20.637;3.8
2025-01-18 19:35:44.364;100;18.249;3.9
2025-01-18 19:35:44.464;100;16.100;3.9
2025-01-18 19:35:44.564;100;13.685;3.9
2025-01-18 19:35:44.664;100;10.475;3.9
2025-01-18 19:35:44.764;100;6.946;3.9
2025-01-18 19:35:44.864;100;3.444;3.9
2025-01-18 19:35:44.964;100;1.825;3.9
2025-01-18 19:35:45.064;100;1.374;3.9
2025-01-18 19:35:45.164;100;1.321;3.9
2025-01-18 19:35:45.264;100;1.295;3.9
2025-01-18 19:35:45.364;100;1.295;3.9
2025-01-18 19:35:45.464;100;1.295;3.9
2025-01-18 19:35:45.564;100;1.295;3.9
2025-01-18 19:35:45.664;100;1.295;3.9
2025-01-18 19:35:45.764;100;1.295;3.9
2025-01-18 19:35:45.864;100;1.295;3.9
2025-01-18 19:35:45.964;100;1.295;3.9
2025-01-18 19:35:46.064;100;1.295;3.9
2025-01-18 19:35:46.163;100;1.295;3.9
2025-01-18 19:35:46.264;100;1.295;3.9
2025-01-18 19:35:46.364;100;1.321;3.9
2025-01-18 19:35:46.464;100;1.295;3.9
2025-01-18 19:35:46.564;100;1.321;3.9
2025-01-18 19:35:46.664;100;1.321;3.9
2025-01-18 19:35:46.764;100;1.295;3.9
2025-01-18 19:35:46.864;100;1.321;3.9
2025-01-18 19:35:46.964;100;1.295;3.9
2025-01-18 19:35:47.064;100;1.295;3.9
2025-01-18 19:35:47.164;100;1.295;3.9
2025-01-18 19:35:47.264;100;1.321;3.9
2025-01-18 19:35:47.364;100;1.295;3.9
2025-01-18 19:35:47.464;100;1.295;3.9
2025-01-18 19:35:47.564;100;1.321;3.9
2025-01-18 19:35:47.664;100;1.295;3.9
2025-01-18 19:35:47.764;100;1.295;3.9
2025-01-18 19:35:47.864;100;1.295;3.9
2025-01-18 19:35:47.964;100;1.295;3.9
2025-01-18 19:35:48.064;100;1.295;3.9
2025-01-18 19:35:48.164;100;1.321;3.9
2025-01-18 19:35:48.264;100;1.321;3.9
2025-01-18 19:35:48.364;100;1.321;3.9
2025-01-18 19:35:48.464;100;1.295;3.9
2025-01-18 19:35:48.564;100;1.294;3.9
2025-01-18 19:35:48.664;100;1.295;3.9
2025-01-18 19:35:48.764;100;1.321;3.9
2025-01-18 19:35:48.864;100;1.321;3.9
2025-01-18 19:35:48.964;100;1.321;3.9
2025-01-18 19:35:49.064;100;1.321;3.9
2025-01-18 19:35:49.164;100;1.295;3.9
2025-01-18 19:35:49.264;100;1.321;3.9
2025-01-18 19:35:49.364;100;1.295;3.9
2025-01-18 19:35:49.464;100;1.321;3.9
2025-01-18 19:35:49.564;100;1.321;3.9
2025-01-18 19:35:49.664;100;1.295;3.9
2025-01-18 19:35:49.764;100;1.321;3.9
2025-01-18 19:35:49.864;100;1.321;3.9
2025-01-18 19:35:49.964;100;1.321;3.9
2025-01-18 19:35:50.064;100;1.321;3.9
2025-01-18 19:35:50.164;100;1.321;3.9
2025-01-18 19:35:50.264;100;1.295;3.9
2025-01-18 19:35:50.364;100;1.295;3.9
2025-01-18 19:35:50.464;100;1.321;3.9
2025-01-18 19:35:50.564;100;1.295;3.9
2025-01-18 19:35:50.664;100;1.321;3.9
2025-01-18 19:35:50.764;100;1.321;3.9
2025-01-18 19:35:50.864;100;1.321;3.9
2025-01-18 19:35:50.964;100;1.321;3.9
2025-01-18 19:35:51.064;100;1.321;3.9
2025-01-18 19:35:51.164;100;1.321;3.9
2025-01-18 19:35:51.264;100;1.321;3.9
2025-01-18 19:35:51.364;100;1.321;3.9
2025-01-18 19:35:51.464;100;1.321;3.9
2025-01-18 19:35:51.564;100;1.321;3.9
2025-01-18 19:35:51.663;100;1.295;3.9
2025-01-18 19:35:51.763;100;1.295;3.9
2025-01-18 19:35:51.863;100;1.321;3.9
2025-01-18 19:35:51.963;100;1.321;3.9
2025-01-18 19:35:52.063;100;1.295;3.9
2025-01-18 19:35:52.163;100;1.321;3.9
2025-01-18 19:35:52.263;100;1.321;3.9
2025-01-18 19:35:52.363;100;1.321;3.9
2025-01-18 19:35:52.464;100;1.321;3.9
2025-01-18 19:35:52.564;100;1.321;3.9
2025-01-18 19:35:52.664;100;1.321;3.9
2025-01-18 19:35:52.764;100;1.294;3.9
2025-01-18 19:35:52.864;100;1.321;3.9
2025-01-18 19:35:52.964;100;1.321;3.9
2025-01-18 19:35:53.064;100;1.321;3.9
2025-01-18 19:35:53.164;100;1.321;3.9
2025-01-18 19:35:53.264;100;1.295;3.9
2025-01-18 19:35:53.364;100;1.321;3.9
2025-01-18 19:35:53.464;100;1.321;3.9
2025-01-18 19:35:53.564;100;1.321;3.9
2025-01-18 19:35:53.664;100;1.321;3.9
2025-01-18 19:35:53.764;100;1.321;3.9
2025-01-18 19:35:53.864;100;1.321;3.9
2025-01-18 19:35:53.964;100;1.295;3.9
2025-01-18 19:35:54.064;100;1.321;3.9
2025-01-18 19:35:54.164;100;1.295;3.9
2025-01-18 19:35:54.264;100;1.321;3.9
2025-01-18 19:35:54.364;100;1.321;3.9
2025-01-18 19:35:54.464;100;1.321;3.9
2025-01-18 19:35:54.564;100;1.321;3.9
2025-01-18 19:35:54.664;100;1.321;3.9
2025-01-18 19:35:54.764;100;1.321;3.9
2025-01-18 19:35:54.864;100;1.321;3.9
2025-01-18 19:35:54.964;100;1.321;3.9
2025-01-18 19:35:55.064;100;1.295;3.9
2025-01-18 19:35:55.164;100;1.321;3.9
2025-01-18 19:35:55.264;100;1.295;3.9
2025-01-18 19:35:55.364;100;1.295;3.9
2025-01-18 19:35:55.464;100;1.321;3.9
2025-01-18 19:35:55.564;100;1.295;3.9
2025-01-18 19:35:55.664;100;1.321;3.9
2025-01-18 19:35:55.764;100;1.321;3.9
2025-01-18 19:35:55.864;100;1.321;3.9
2025-01-18 19:35:55.964;100;1.295;3.9
2025-01-18 19:35:56.064;100;1.295;3.9
2025-01-18 19:35:56.164;100;1.295;3.9
2025-01-18 19:35:56.264;100;1.321;3.9
2025-01-18 19:35:56.364;100;1.321;3.9
2025-01-18 19:35:56.464;100;1.321;3.9
2025-01-18 19:35:56.564;100;1.321;3.9
2025-01-18 19:35:56.664;100;1.321;3.9
2025-01-18 19:35:56.764;100;1.321;3.9
2025-01-18 19:35:56.864;100;1.321;3.9
2025-01-18 19:35:56.964;100;1.321;3.9
2025-01-18 19:35:57.064;100;1.321;3.9
2025-01-18 19:35:57.164;100;1.321;3.9
2025-01-18 19:35:57.264;100;1.321;3.9
2025-01-18 19:35:57.364;100;1.321;3.9
2025-01-18 19:35:57.464;100;1.295;3.9
2025-01-18 19:35:57.564;100;1.321;3.9
2025-01-18 19:35:57.664;100;1.295;3.9
2025-01-18 19:35:57.764;100;1.321;3.9
2025-01-18 19:35:57.864;100;1.295;3.9
2025-01-18 19:35:57.964;100;1.321;3.9
2025-01-18 19:35:58.064;100;1.321;3.9
2025-01-18 19:35:58.164;100;1.321;3.9
2025-01-18 19:35:58.264;100;1.321;3.9
2025-01-18 19:35:58.364;100;1.295;3.9
2025-01-18 19:35:58.464;100;1.295;3.9
2025-01-18 19:35:58.564;100;1.295;3.9
2025-01-18 19:35:58.664;100;1.321;3.9
2025-01-18 19:35:58.764;100;1.295;3.9
2025-01-18 19:35:58.864;100;1.321;3.9
2025-01-18 19:35:58.964;100;1.295;3.9
2025-01-18 19:35:59.064;100;1.295;3.9
2025-01-18 19:35:59.164;100;1.321;3.9
2025-01-18 19:35:59.264;100;1.321;3.9
2025-01-18 19:35:59.364;100;1.321;3.9
2025-01-18 19:35:59.464;100;1.321;3.9
2025-01-18 19:35:59.564;100;1.321;3.9
2025-01-18 19:35:59.664;100;1.321;3.9
2025-01-18 19:35:59.764;100;1.321;3.9
2025-01-18 19:35:59.864;100;1.321;3.9
2025-01-18 19:35:59.964;100;1.295;3.9
2025-01-18 19:36:00.064;100;1.321;3.9
2025-01-18 19:36:00.164;100;1.321;3.9
2025-01-18 19:36:00.264;100;1.321;3.9
2025-01-18 19:36:00.364;100;1.295;3.9
2025-01-18 19:36:00.464;100;1.295;3.9
2025-01-18 19:36:00.564;100;1.295;3.9
2025-01-18 19:36:00.664;100;1.295;3.9
2025-01-18 19:36:00.764;100;1.321;3.9
2025-01-18 19:36:00.864;100;1.321;3.9
2025-01-18 19:36:00.964;100;1.321;3.9
2025-01-18 19:36:01.064;100;1.321;3.9
2025-01-18 19:36:01.164;100;1.321;3.9
2025-01-18 19:36:01.264;100;1.321;3.9
2025-01-18 19:36:01.364;100;1.321;3.9
2025-01-18 19:36:01.464;100;1.321;3.9
2025-01-18 19:36:01.564;100;1.321;3.9
2025-01-18 19:36:01.664;100;1.295;3.9
2025-01-18 19:36:01.764;100;1.321;3.9
2025-01-18 19:36:01.864;100;1.295;3.9
2025-01-18 19:36:01.964;100;1.295;3.9
2025-01-18 19:36:02.064;100;1.321;3.9
2025-01-18 19:36:02.164;100;1.321;3.9
2025-01-18 19:36:02.264;100;1.295;3.9
2025-01-18 19:36:02.364;100;1.321;3.9
2025-01-18 19:36:02.464;100;1.321;3.9
2025-01-18 19:36:02.564;100;1.321;3.9
2025-01-18 19:36:02.664;100;1.321;3.9
2025-01-18 19:36:02.764;100;1.321;3.9
2025-01-18 19:36:02.864;100;1.295;3.9
2025-01-18 19:36:02.964;100;1.295;3.9
2025-01-18 19:36:03.064;100;1.295;3.9
2025-01-18 19:36:03.164;100;1.321;3.9
2025-01-18 19:36:03.264;100;1.295;3.9
2025-01-18 19:36:03.364;100;1.321;3.9
2025-01-18 19:36:03.464;100;1.321;3.9
2025-01-18 19:36:03.564;100;1.295;3.9
2025-01-18 19:36:03.664;100;1.321;3.9
2025-01-18 19:36:03.764;100;1.295;3.9
2025-01-18 19:36:03.864;100;1.321;3.9
2025-01-18 19:36:03.964;100;1.295;3.9
2025-01-18 19:36:04.064;100;1.295;3.9
2025-01-18 19:36:04.164;100;1.294;3.9
2025-01-18 19:36:04.264;100;1.321;3.9
2025-01-18 19:36:04.364;100;1.321;3.9
2025-01-18 19:36:04.464;100;1.321;3.9
2025-01-18 19:36:04.564;100;1.321;3.9
2025-01-18 19:36:04.664;100;1.321;3.9
2025-01-18 19:36:04.764;100;1.321;3.9
2025-01-18 19:36:04.864;100;1.295;3.9
2025-01-18 19:36:04.964;100;1.321;3.9
2025-01-18 19:36:05.064;100;1.321;3.9
2025-01-18 19:36:05.164;100;1.321;3.9
2025-01-18 19:36:05.263;100;1.321;3.9
2025-01-18 19:36:05.364;100;1.321;3.9
2025-01-18 19:36:05.464;100;1.321;3.9
2025-01-18 19:36:05.564;100;1.321;3.9
2025-01-18 19:36:05.664;100;1.321;3.9
2025-01-18 19:36:05.764;100;1.321;3.9
2025-01-18 19:36:05.864;100;1.321;3.9
2025-01-18 19:36:05.964;100;1.321;3.9
2025-01-18 19:36:06.064;100;1.321;3.9
2025-01-18 19:36:06.164;100;1.295;3.9
2025-01-18 19:36:06.264;100;1.321;3.9
2025-01-18 19:36:06.364;100;1.321;3.9
2025-01-18 19:36:06.464;100;1.321;3.9
2025-01-18 19:36:06.564;100;1.321;3.9
2025-01-18 19:36:06.664;100;1.321;3.9
2025-01-18 19:36:06.764;100;1.321;3.9
2025-01-18 19:36:06.864;100;1.294;3.9
2025-01-18 19:36:06.964;100;1.295;3.9
2025-01-18 19:36:07.064;100;1.295;3.9
2025-01-18 19:36:07.164;100;1.321;3.9
2025-01-18 19:36:07.264;100;1.321;3.9
2025-01-18 19:36:07.364;100;1.321;3.9
2025-01-18 19:36:07.464;100;1.321;3.9
2025-01-18 19:36:07.564;100;1.321;3.9
2025-01-18 19:36:07.664;100;1.321;3.9
2025-01-18 19:36:07.764;100;1.321;3.9
2025-01-18 19:36:07.864;100;1.295;3.9
2025-01-18 19:36:07.964;100;1.321;3.9
2025-01-18 19:36:08.064;100;1.321;3.9
2025-01-18 19:36:08.164;100;1.321;3.9
2025-01-18 19:36:08.264;100;1.321;3.9
2025-01-18 19:36:08.364;100;1.321;3.9
2025-01-18 19:36:08.464;100;1.321;3.9
2025-01-18 19:36:08.564;100;1.321;3.9
2025-01-18 19:36:08.664;100;1.295;3.9
2025-01-18 19:36:08.764;100;1.321;3.9
2025-01-18 19:36:08.864;100;1.295;3.9
2025-01-18 19:36:08.964;100;1.321;3.9
2025-01-18 19:36:09.064;100;1.321;3.9
2025-01-18 19:36:09.164;100;1.321;3.9
2025-01-18 19:36:09.264;100;1.321;3.9
2025-01-18 19:36:09.364;100;1.295;3.9
2025-01-18 19:36:09.464;100;1.321;3.9
2025-01-18 19:36:09.564;100;1.321;3.9
2025-01-18 19:36:09.664;100;1.321;3.9
2025-01-18 19:36:09.764;100;1.321;3.9
2025-01-18 19:36:09.863;100;1.321;3.9
2025-01-18 19:36:09.964;100;1.321;3.9
2025-01-18 19:36:10.064;100;1.295;3.9
2025-01-18 19:36:10.164;100;1.321;3.9
2025-01-18 19:36:10.264;100;1.295;3.9
2025-01-18 19:36:10.364;100;1.321;3.9
2025-01-18 19:36:10.464;100;1.321;3.9
2025-01-18 19:36:10.564;100;1.321;3.9
2025-01-18 19:36:10.664;100;1.321;3.9
2025-01-18 19:36:10.764;100;1.294;3.9
2025-01-18 19:36:10.864;100;1.321;3.9
2025-01-18 19:36:10.964;100;1.295;3.9
2025-01-18 19:36:11.064;100;1.321;3.9
2025-01-18 19:36:11.164;100;1.295;3.9
2025-01-18 19:36:11.264;100;1.295;3.9
2025-01-18 19:36:11.364;100;1.321;3.9
2025-01-18 19:36:11.464;100;1.321;3.9
2025-01-18 19:36:11.564;100;1.321;3.9
2025-01-18 19:36:11.664;100;1.321;3.9
2025-01-18 19:36:11.764;100;1.295;3.9
2025-01-18 19:36:11.864;100;1.321;3.9
2025-01-18 19:36:11.964;100;1.321;3.9
2025-01-18 19:36:12.064;100;1.321;3.9
2025-01-18 19:36:12.164;100;1.321;3.9
2025-01-18 19:36:12.264;100;1.321;3.9
2025-01-18 19:36:12.365;100;1.321;3.9
2025-01-18 19:36:12.464;100;1.321;3.9
2025-01-18 19:36:12.564;100;1.321;3.9
2025-01-18 19:36:12.664;100;1.295;3.9
2025-01-18 19:36:12.764;100;1.295;3.9
2025-01-18 19:36:12.864;100;1.321;3.9
2025-01-18 19:36:12.964;100;1.321;3.9
2025-01-18 19:36:13.064;100;1.321;3.9
2025-01-18 19:36:13.164;100;1.321;3.9
2025-01-18 19:36:13.264;100;1.321;3.9
2025-01-18 19:36:13.364;100;1.295;3.9
2025-01-18 19:36:13.464;100;1.321;3.9
2025-01-18 19:36:13.563;100;1.295;3.9
2025-01-18 19:36:13.664;100;1.321;3.9
2025-01-18 19:36:13.764;100;1.294;3.9
2025-01-18 19:36:13.864;100;1.295;3.9
2025-01-18 19:36:13.964;100;1.321;3.9
2025-01-18 19:36:14.064;100;1.321;3.9
2025-01-18 19:36:14.164;100;1.295;3.9
2025-01-18 19:36:14.264;100;1.321;3.9
2025-01-18 19:36:14.364;100;1.321;3.9
2025-01-18 19:36:14.464;100;1.321;3.9
2025-01-18 19:36:14.564;100;1.321;3.9
2025-01-18 19:36:14.664;100;1.321;3.9
2025-01-18 19:36:14.764;100;1.321;3.9
2025-01-18 19:36:14.864;100;1.321;3.9
2025-01-18 19:36:14.964;100;1.321;3.9
2025-01-18 19:36:15.064;100;1.321;3.9
2025-01-18 19:36:15.164;100;1.295;3.9
2025-01-18 19:36:15.264;100;1.321;3.9
2025-01-18 19:36:15.364;100;1.295;3.9
2025-01-18 19:36:15.464;100;1.321;3.9
2025-01-18 19:36:15.564;100;1.321;3.9
2025-01-18 19:36:15.664;100;1.321;3.9
2025-01-18 19:36:15.764;100;1.321;3.9
2025-01-18 19:36:15.864;100;1.294;3.9
2025-01-18 19:36:15.964;100;1.295;3.9
2025-01-18 19:36:16.064;100;1.321;3.9
2025-01-18 19:36:16.164;100;1.321;3.9
2025-01-18 19:36:16.264;100;1.321;3.9
2025-01-18 19:36:16.364;100;1.321;3.9
2025-01-18 19:36:16.464;100;1.321;3.9
2025-01-18 19:36:16.564;100;1.321;3.9
2025-01-18 19:36:16.664;100;1.295;3.9
2025-01-18 19:36:16.764;100;1.294;3.9
2025-01-18 19:36:16.864;100;1.321;3.9
2025-01-18 19:36:16.964;100;1.321;3.9
2025-01-18 19:36:17.064;100;1.321;3.9
2025-01-18 19:36:17.164;100;1.321;3.9
2025-01-18 19:36:17.264;100;1.321;3.9
2025-01-18 19:36:17.364;100;1.321;3.9
2025-01-18 19:36:17.464;100;1.295;3.9
2025-01-18 19:36:17.564;100;1.321;3.9
2025-01-18 19:36:17.664;100;1.321;3.9
2025-01-18 19:36:17.764;100;1.321;3.9
2025-01-18 19:36:17.864;100;1.321;3.9
2025-01-18 19:36:17.964;100;1.321;3.9
2025-01-18 19:36:18.064;100;1.321;3.9
2025-01-18 19:36:18.164;100;1.321;3.9
2025-01-18 19:36:18.264;100;1.295;3.9
2025-01-18 19:36:18.364;100;1.295;3.9
2025-01-18 19:36:18.464;100;1.321;3.9
2025-01-18 19:36:18.564;100;1.321;3.9
2025-01-18 19:36:18.664;100;1.295;3.9
2025-01-18 19:36:18.764;100;1.321;3.9
2025-01-18 19:36:18.864;100;1.321;3.9
2025-01-18 19:36:18.964;100;1.295;3.9
2025-01-18 19:36:19.064;100;1.295;3.9
2025-01-18 19:36:19.164;100;1.321;3.9
2025-01-18 19:36:19.264;100;1.295;3.9
2025-01-18 19:36:19.364;100;1.321;3.9
2025-01-18 19:36:19.464;100;1.321;3.9
2025-01-18 19:36:19.564;100;1.321;3.9
2025-01-18 19:36:19.664;100;1.295;3.9
2025-01-18 19:36:19.764;100;1.321;3.9
2025-01-18 19:36:19.864;100;1.295;3.9
2025-01-18 19:36:19.964;100;1.295;3.9
2025-01-18 19:36:20.064;100;1.294;3.9
2025-01-18 19:36:20.164;100;1.295;3.9
2025-01-18 19:36:20.264;100;1.321;3.9
2025-01-18 19:36:20.364;100;1.321;3.9
2025-01-18 19:36:20.464;100;1.321;3.9
2025-01-18 19:36:20.564;100;1.321;3.9
2025-01-18 19:36:20.664;100;1.321;3.9
2025-01-18 19:36:20.764;100;1.321;3.9
2025-01-18 19:36:20.864;100;1.321;3.9
2025-01-18 19:36:20.964;100;1.321;3.9
2025-01-18 19:36:21.064;100;1.321;3.9
2025-01-18 19:36:21.164;100;1.321;3.9
2025-01-18 19:36:21.264;100;1.294;3.9
2025-01-18 19:36:21.364;100;1.295;3.9
2025-01-18 19:36:21.464;100;1.295;3.9
2025-01-18 19:36:21.564;100;1.294;3.9
2025-01-18 19:36:21.664;100;1.321;3.9
2025-01-18 19:36:21.764;100;1.321;3.9
2025-01-18 19:36:21.864;100;1.321;3.9
2025-01-18 19:36:21.964;100;1.321;3.9
2025-01-18 19:36:22.064;100;1.321;3.9
2025-01-18 19:36:22.164;100;1.321;3.9
2025-01-18 19:36:22.264;100;1.295;3.9
2025-01-18 19:36:22.364;100;1.321;3.9
2025-01-18 19:36:22.464;100;1.321;3.9
2025-01-18 19:36:22.564;100;1.321;3.9
2025-01-18 19:36:22.664;100;1.321;3.9
2025-01-18 19:36:22.764;100;1.321;3.9
2025-01-18 19:36:22.864;100;1.321;3.9
2025-01-18 19:36:22.964;100;1.321;3.9
2025-01-18 19:36:23.064;100;1.321;3.9
2025-01-18 19:36:23.164;100;1.321;3.9
2025-01-18 19:36:23.264;100;1.321;3.9
2025-01-18 19:36:23.364;100;1.321;3.9
2025-01-18 19:36:23.464;100;1.321;3.9
2025-01-18 19:36:23.564;100;1.295;3.9
2025-01-18 19:36:23.664;100;1.321;3.9
2025-01-18 19:36:23.764;100;1.321;3.9
2025-01-18 19:36:23.864;100;1.321;3.9
2025-01-18 19:36:23.964;100;1.295;3.9
2025-01-18 19:36:24.064;100;1.321;3.9
2025-01-18 19:36:24.164;100;1.321;3.9
2025-01-18 19:36:24.264;100;1.321;3.9
2025-01-18 19:36:24.364;100;1.321;3.9
2025-01-18 19:36:24.464;100;1.321;3.9
2025-01-18 19:36:24.564;100;1.294;3.9
2025-01-18 19:36:24.664;100;1.295;3.9
2025-01-18 19:36:24.764;100;1.295;3.9
2025-01-18 19:36:24.864;100;1.321;3.9
2025-01-18 19:36:24.964;100;1.321;3.9
2025-01-18 19:36:25.064;100;1.321;3.9
2025-01-18 19:36:25.164;100;1.294;3.9
2025-01-18 19:36:25.264;100;1.321;3.9
2025-01-18 19:36:25.364;100;1.321;3.9
2025-01-18 19:36:25.464;100;1.321;3.9
2025-01-18 19:36:25.564;100;1.321;3.9
2025-01-18 19:36:25.664;100;1.295;3.9
2025-01-18 19:36:25.764;100;1.295;3.9
2025-01-18 19:36:25.864;100;1.295;3.9
2025-01-18 19:36:25.964;100;1.321;3.9
2025-01-18 19:36:26.064;100;1.295;3.9
2025-01-18 19:36:26.164;100;1.321;3.9
2025-01-18 19:36:26.264;100;1.321;3.9
2025-01-18 19:36:26.364;100;1.295;3.9
2025-01-18 19:36:26.464;100;1.321;3.9
2025-01-18 19:36:26.564;100;1.321;3.9
2025-01-18 19:36:26.664;100;1.321;3.9
2025-01-18 19:36:26.764;100;1.295;3.9
2025-01-18 19:36:26.864;100;1.321;3.9
2025-01-18 19:36:26.964;100;1.321;3.9
2025-01-18 19:36:27.064;100;1.295;3.9
2025-01-18 19:36:27.164;100;1.321;3.9
2025-01-18 19:36:27.264;100;1.321;3.9
2025-01-18 19:36:27.365;100;1.321;3.9
2025-01-18 19:36:27.464;100;1.321;3.9
2025-01-18 19:36:27.564;100;1.321;3.9
2025-01-18 19:36:27.664;100;1.321;3.9
2025-01-18 19:36:27.764;100;1.321;3.9
2025-01-18 19:36:27.864;100;1.295;3.9
2025-01-18 19:36:27.964;100;1.295;3.9
2025-01-18 19:36:28.064;100;1.295;3.9
2025-01-18 19:36:28.164;100;1.294;3.9
2025-01-18 19:36:28.264;100;1.321;3.9
2025-01-18 19:36:28.364;100;1.321;3.9
2025-01-18 19:36:28.464;100;1.321;3.9
2025-01-18 19:36:28.564;100;1.321;3.9
2025-01-18 19:36:28.664;100;1.321;3.9
2025-01-18 19:36:28.764;100;1.294;3.9
2025-01-18 19:36:28.864;100;1.295;3.9
2025-01-18 19:36:28.964;100;1.321;3.9
2025-01-18 19:36:29.064;100;1.321;3.9
2025-01-18 19:36:29.164;100;1.321;3.9
2025-01-18 19:36:29.264;100;1.295;3.9
2025-01-18 19:36:29.364;100;1.321;3.9
2025-01-18 19:36:29.464;100;1.295;3.9
2025-01-18 19:36:29.564;100;1.295;3.9
2025-01-18 19:36:29.664;100;1.321;3.9
2025-01-18 19:36:29.764;100;1.321;3.9
2025-01-18 19:36:29.864;100;1.295;3.9
2025-01-18 19:36:29.964;100;1.321;3.9
2025-01-18 19:36:30.064;100;1.295;3.9
2025-01-18 19:36:30.164;100;1.321;3.9
2025-01-18 19:36:30.264;100;1.294;3.9
2025-01-18 19:36:30.364;100;1.321;3.9
2025-01-18 19:36:30.464;100;1.321;3.9
2025-01-18 19:36:30.564;100;1.321;3.9
2025-01-18 19:36:30.664;100;1.321;3.9
2025-01-18 19:36:30.764;100;1.295;3.9
2025-01-18 19:36:30.864;100;1.321;3.9
2025-01-18 19:36:30.964;100;1.321;3.9
2025-01-18 19:36:31.064;100;1.321;3.9
2025-01-18 19:36:31.164;100;1.294;3.9
2025-01-18 19:36:31.264;100;1.321;3.9
2025-01-18 19:36:31.364;100;1.321;3.9
2025-01-18 19:36:31.464;100;1.321;3.9
2025-01-18 19:36:31.564;100;1.321;3.9
2025-01-18 19:36:31.664;100;1.321;3.9
2025-01-18 19:36:31.764;100;1.295;3.9
2025-01-18 19:36:31.864;100;1.321;3.9
2025-01-18 19:36:31.964;100;1.321;3.9
2025-01-18 19:36:32.064;100;1.321;3.9
2025-01-18 19:36:32.164;100;1.295;3.9
2025-01-18 19:36:32.264;100;1.295;3.9
2025-01-18 19:36:32.364;100;1.321;3.9
2025-01-18 19:36:32.464;100;1.295;3.9
2025-01-18 19:36:32.564;100;1.321;3.9
2025-01-18 19:36:32.664;100;1.294;3.9
2025-01-18 19:36:32.764;100;1.295;3.9
2025-01-18 19:36:32.864;100;1.321;3.9
