time[s],pressure[MPa],burnrate[mm/s],burnrate_ideal[mm/s]
0.0,0.0354231487954071,0.08225668705552107,0.5991951217167839
0.009999999999990905,0.0418330022115126,0.09746635718319184,0.7007853420471133
0.020000000000010232,0.049709281861799896,0.11579874612545239,0.7919703131902739
0.030000000000001137,0.059052667912639314,0.1372549919866258,0.8755974562364184
0.03999999999999204,0.06986384053046626,0.161836150894395,0.9534007635948833
0.05000000000001137,0.0821434798817327,0.1895431841893568,1.0265311786016498
0.060000000000002274,0.09589226613278409,0.22037694565578556,1.095799999560789
0.06999999999999318,0.11111087945006809,0.2543381688099523,1.1618051446331115
0.0800000000000125,0.1278000000000495,0.2991971507996764,1.2250026708126789
0.09000000000000341,0.15325912775477143,0.3689034025009468,1.285750070039439
0.09999999999999432,0.19329575948421743,0.4672506323225168,1.344333885484765
0.10999999999998522,0.24567257055163336,0.5894661903569571,1.400988085692774
0.12000000000000455,0.3081522363204552,0.7307755290600925,1.455906722945941
0.12999999999999545,0.37849743215356857,0.8864027419067498,1.5092529129323662
0.13999999999998636,0.45447083341438355,1.051571523614632,1.561165365761544
0.15000000000000568,0.5338351154663745,1.2215064421874091,1.6117632394633714
0.1599999999999966,0.6143529536723312,1.3914344116498096,1.6611498152361537
0.1699999999999875,0.6937870233957212,1.556586253876527,1.7094153268641081
0.18000000000000682,0.7699,1.7160104024864715,1.7566391711367773
0.18999999999999773,0.8440403703995236,1.8745535604369756,1.8028916574509162
0.19999999999998863,0.9194240020446525,2.036223470474179,1.8482354090567112
0.21000000000000796,0.9966146411018727,2.2022051943503262,1.892726497305437
0.21999999999999886,1.0761760337370099,2.3736814973343225,1.9364153686827716
0.22999999999998977,1.1586719261165435,2.5518324848858547,1.9793476091877604
0.2400000000000091,1.2446660644069878,2.737835223997713,2.0215645797026163
0.25,1.3347221947741177,2.9328633457501234,2.0631039480598488
0.2599999999999909,1.4294040633844358,3.138086626223481,2.1040001376624318
0.27000000000001023,1.5292754164044973,3.3546705436040525,2.144284708148109
0.28000000000000114,1.6348999999999998,3.591180731341229,2.183986680296289
0.28999999999999204,1.7538305989400902,3.8601079744053606,2.2231328148661715
0.30000000000001137,1.890359102285341,4.161331156438323,2.2617478531231128
0.3100000000000023,2.0401579126381697,4.485601441070169,2.2998547253102215
0.3199999999999932,2.198899432602143,4.823686741369726,2.3374747321475406
0.3300000000000125,2.3622560647809303,5.166376582671089,2.3746277035141206
0.3400000000000034,2.5259002117767952,5.504487263611502,2.4113321377312116
0.3499999999999943,2.6855042761934014,5.828866891568811,2.447605324274776
0.3599999999999852,2.8367406606339496,6.130399894755453,2.4834634522700614
0.37000000000000455,2.975281767702014,6.400010648393209,2.5189217067355423
0.37999999999999545,3.0968,6.639375075274497,2.553994354229252
0.38999999999998636,3.2071397651694453,6.863480256057708,2.5886948192928205
0.4000000000000057,3.3146252340200175,7.080477706440463,2.6230357528761794
0.4099999999999966,3.418648453906668,7.289107915598502,2.6570290937500127
0.4199999999999875,3.518601472185274,7.488118481853074,2.6906861237666586
0.4300000000000068,3.6138763362116646,7.6762641369569105,2.724017517707874
0.4399999999999977,3.703865093340864,7.852306688658712,2.7570333883551763
0.44999999999998863,3.787959790928714,8.015014880712974,2.789743327331965
0.46000000000000796,3.865552476330992,8.163164170742155,2.822156442193429
0.46999999999999886,3.936035196902822,8.29553642759338,2.854281390178078
0.47999999999998977,3.9987999999999992,8.415557162776453,2.886126408981774
0.4900000000000091,4.057680546119524,8.53090767315572,2.9176993448698645
0.5,4.1161617210813715,8.644061933833518,2.9490076784041537
0.5099999999999909,4.17311241022649,8.752676235979935,2.9800585480280355
0.5200000000000102,4.227401498895819,8.85441692218901,3.010858771724269
0.5300000000000011,4.27789787242983,8.946960155429878,3.041414866934893
0.539999999999992,4.323470416169465,9.027991601517604,3.0717330689111244
0.5500000000000114,4.362988015455615,9.095206015790502,3.101819347642232
0.5600000000000023,4.395319555628837,9.146306727905543,3.131679423495898
0.5699999999999932,4.419333922030036,9.179005021812637,3.161318781688228
0.5800000000000125,4.433900000000027,9.19636993739432,3.1907426856889427
0.5900000000000034,4.443053365383055,9.207535450670592,3.219956189656188
0.5999999999999943,4.451537466284314,9.21735473904472,3.24896414998567
0.6099999999999852,4.459282996435883,9.225689492118507,3.277771236050181
0.6200000000000045,4.466220649569856,9.232401712062776,3.3063819401979857
0.6299999999999955,4.4722811194182714,9.237353680056613,3.334800587071776
0.6399999999999864,4.4773950997132275,9.240407922479795,3.363031342303917
0.6500000000000057,4.4814932841868105,9.241427176900396,3.391078220638374
0.6599999999999966,4.484506366571076,9.240274357909284,3.4189450935249632
0.6699999999999875,4.4863650405981135,9.236812522861447,3.446635696227328
0.6800000000000068,4.487,9.231070124399366,3.4741536344822492
0.6899999999999977,4.486502663819095,9.223405856102014,3.5015023907445095
0.6999999999999886,4.4851254713567865,9.21425999309763,3.528685330048474
0.710000000000008,4.483040646733667,9.203988894309374,3.555705705514826
0.7199999999999989,4.480420414070353,9.19294768529763,3.582566663528414
0.7299999999999898,4.477436997487441,9.181490343895675,3.60927124861098
0.7400000000000091,4.474262621105526,9.169969785187009,3.6358224080104864
0.75,4.471069509045226,9.158737945499121,3.6622229960269967
0.7599999999999909,4.468029885427137,9.148145865154824,3.6884757780933928
0.7700000000000102,4.4653159743718565,9.138543769787335,3.7145834346277464
0.7800000000000011,4.4631,9.130034732946102,3.740548564672802
0.789999999999992,4.461313261957875,9.122316753702417,3.7663736893368096
0.8000000000000114,4.459731843745248,9.115096943740191,3.792061255048835
0.8100000000000023,4.458295145262906,9.108249979304423,3.8176136366406506
0.8199999999999932,4.456942566411627,9.10165087121043,3.8430331402664075
0.8300000000000125,4.455613507092189,9.095174936508522,3.8683220061704033
0.8400000000000034,4.454247367205378,9.088697770524155,3.893482411312549
0.8499999999999943,4.452783546651974,9.0820952192246,3.9185164718603662
0.8599999999999852,4.451161445332756,9.075243351871793,3.943426245555761
0.8700000000000045,4.4493204631485,9.068018433928723,3.9682137339641788
0.8799999999999955,4.4472,9.06018032148855,3.992880884613231
0.8899999999999864,4.444625024611758,9.051468194307889,4.017429593027383
0.9000000000000057,4.441514314546023,9.041881311046653,4.041861704664809
0.9099999999999966,4.4379479829602175,9.031583023724718,4.066179016762136
0.9199999999999875,4.434006143011737,9.020736339698951,4.0903832800923645
0.9300000000000068,4.429768907857972,9.009503957531129,4.114476200640951
0.9399999999999977,4.425316390656352,8.998048302547204,4.138459441204638
0.9499999999999886,4.420728704564269,8.986531562042282,4.162334622917371
0.960000000000008,4.41608596273911,8.975115720099335,4.186103326707342
0.9699999999999989,4.41146827833831,8.963960199725191,4.209767094688897
0.9799999999999898,4.406953410849055,8.952936956797183,4.233327431492883
0.9900000000000091,4.402338722761485,8.941704917723436,4.256785805538706
1.0,4.397492158245279,8.930185266019897,4.280143650251203
1.009999999999991,4.392468949878055,8.918489450272883,4.303402365225256
1.0200000000000102,4.387324330237432,8.906728808732021,4.326563317340842
1.0300000000000011,4.382113531901068,8.895014592468273,4.349627841831093
1.039999999999992,4.37689178744658,8.883457988280894,4.3725972433057745
1.0500000000000114,4.371714329451585,8.872170141356534,4.395472796732429
1.0600000000000023,4.366636390493743,8.861262177688486,4.418255748377324
1.0699999999999932,4.3617132031506705,8.850845226269657,4.440947316708187
1.0800000000000125,4.356999999999987,8.840563760450905,4.463548693260629
1.0900000000000034,4.352092261841826,8.829717110688447,4.486061043470022
1.0999999999999943,4.346705055750057,8.818253437744609,4.508485507470497
1.1099999999999852,4.341072993712962,8.80664816849042,4.53082320086266
1.1200000000000045,4.335430687718811,8.79537665459,4.553075215451483
1.1299999999999955,4.330012749755918,8.784914266631192,4.575242619955816
1.1399999999999864,4.325053791812551,8.775736487427904,4.597326460690811
1.1500000000000057,4.32078842587698,8.768319004639864,4.619327762224531
1.1599999999999966,4.3174512639375155,8.763137802959642,4.641247528009935
1.1699999999999875,4.315276917982428,8.760669256221837,4.6630867409933465
1.1800000000000068,4.3145,8.760900120257434,4.684846364200481
1.1899999999999977,4.3148724000000005,8.763060503941453,4.706527341301029
1.1999999999999886,4.315883199999998,8.766470341564656,4.728130597152763
1.210000000000008,4.3173728,8.770806215964102,4.749657038326049
1.2199999999999989,4.3191815999999985,8.775744660341378,4.771107553609641
1.2299999999999898,4.321149999999997,8.780962094897447,4.792483014498554
1.240000000000009,4.3231184,8.786134763104844,4.813784275664807
1.25,4.324927199999999,8.790938667585914,4.835012175411738
1.259999999999991,4.326416799999998,8.795049505614802,4.856167536112625
1.2700000000000102,4.3274276,8.798142604309833,4.877251164634236
1.2800000000000011,4.3278,8.798813796503133,4.898263852745964
1.289999999999992,4.326313200000002,8.795118160911926,4.919206377515125
1.3000000000000114,4.322277599999994,8.786998287017019,4.940079501689011
1.3100000000000023,4.316330399999998,8.77574621638016,4.960883974064203
1.3199999999999932,4.309108800000003,8.762655125428193,4.981620529843702
1.3300000000000125,4.301249999999989,8.749019580169781,5.002289890982332
1.3400000000000034,4.293391199999995,8.736135787404875,5.0228927665209
1.3499999999999943,4.286169600000002,8.725301843583201,5.04342985290956
1.3599999999999852,4.280222400000006,8.717817983268874,5.063901834320795
1.3700000000000045,4.276186799999998,8.71498682997025,5.084309382952431
1.3799999999999955,4.2747,8.716458058233378,5.10465315932107
1.3899999999999864,4.274775599999999,8.719769787585145,5.1249338125462955
1.4000000000000057,4.2749808,8.723429683887854,5.1451519806260295
1.4099999999999966,4.2752832,8.72737238654954,5.165308290703351
1.4199999999999875,4.275650399999999,8.731532452504672,5.185403359325115
1.4300000000000068,4.276050000000001,8.735844343201238,5.205437792692669
1.4399999999999977,4.276449599999999,8.74024241146885,5.225412186904965
1.4499999999999886,4.2768168,8.744660888264008,5.245327128194351
1.460000000000008,4.2771192,8.749033869290633,5.265183193155298
1.4699999999999989,4.2773243999999995,8.753295301496086,5.284980948966341
1.4799999999999898,4.2774,8.755793099721602,5.304720953605451
1.490000000000009,4.275764799999993,8.753785233258135,5.324403756059104
1.5,4.271326399999992,8.746861498839237,5.344029896525253
1.509999999999991,4.264785599999998,8.736448937524155,5.363599906610416
1.5200000000000102,4.256843199999979,8.723977726260083,5.38311430952111
1.5300000000000011,4.248199999999987,8.710881463674855,5.402573620249807
1.539999999999992,4.239556799999994,8.698597449799012,5.421978345755608
1.5500000000000114,4.23161439999998,8.68856696325408,5.441328985139823
1.5600000000000023,4.22507359999999,8.682235540471636,5.4606260298166305
1.5699999999999932,4.220635199999998,8.681053262554192,5.479869963678975
1.5800000000000125,4.218999999999999,8.684856633814354,5.499061263259882
1.5900000000000034,4.2192968,8.691294254120455,5.518200397889327
1.5999999999999943,4.2201024,8.698774896139135,5.537287829846818
1.6099999999999852,4.2212895999999995,8.70703935636494,5.556324014509836
1.6200000000000045,4.222731200000001,8.71582772011555,5.57530940049825
1.6299999999999955,4.2242999999999995,8.724879306221737,5.594244429814878
1.6399999999999864,4.225868799999998,8.73393261057719,5.613129537982274
1.6500000000000057,4.2273104,8.742725248652045,5.631965154175908
1.6599999999999966,4.228497599999998,8.750993897108135,5.650751701353816
1.6699999999999875,4.229303199999998,8.758474234689194,5.669489596382863
1.6800000000000068,4.2296,8.764019028413458,5.688179250161708
1.6899999999999977,4.228410055357145,8.765961849228836,5.7068210677405915
1.6999999999999886,4.225109974603182,8.764064884721236,5.7254154484380315
1.710000000000008,4.220104387499998,8.759156993457983,5.74396278595453
1.7199999999999989,4.213797923809527,8.75206985168503,5.76246346848339
1.7299999999999898,4.206595213293661,8.743638135291839,5.7809178788187285
1.740000000000009,4.198900885714281,8.734699697648432,5.799326394460755
1.75,4.191119570833335,8.726095744909143,5.817689387718438
1.759999999999991,4.183655898412706,8.718671010750855,5.836007225809597
1.7700000000000102,4.17691449821428,8.713273932899758,5.854280270958525
1.7800000000000011,4.1713,8.710041377413381,5.872508880491212
1.789999999999992,4.166532452783501,8.708074689938327,5.890693406928226
1.8000000000000114,4.162025705134968,8.706707282231378,5.908834198075348
1.8100000000000023,4.157725086151145,8.7058266245372,5.926931597111997
1.8199999999999932,4.153575924928732,8.705319739246558,5.944985942677536
1.8300000000000125,4.149523550564436,8.705073176184914,5.9629975689555135
1.8400000000000034,4.145513292154996,8.704972987481163,5.980966805755881
1.8499999999999943,4.1414904787971185,8.70490470203583,5.998893978595287
1.8599999999999852,4.137400439587517,8.704753299615538,6.016779408775458
1.8700000000000045,4.133188503622898,8.704403184606848,6.034623413459752
1.8799999999999955,4.1288,8.703758618520782,6.052426305747925
1.8899999999999864,4.124199647380385,8.702818860762857,6.070188394749165
1.9000000000000057,4.1194232084241476,8.701675304672593,6.087909985653432
1.9099999999999966,4.11452257822585,8.700436867167808,6.1055913798011705
1.9199999999999875,4.109549651880004,8.69921302611448,6.123232874751425
1.9300000000000068,4.104556324481122,8.698113845736364,6.1408347643484085
1.9399999999999977,4.099594491123766,8.697250002364902,6.158397338786563
1.9499999999999886,4.094716046902449,8.696732810597785,6.175920884674164
1.960000000000008,4.089972886911684,8.696674249943067,6.193405685095489
1.9699999999999989,4.08541690624603,8.697186992033313,6.210852019671616
1.9799999999999898,4.0811,8.698474163240899,6.2282601646198685
1.990000000000009,4.0771581758433255,8.700701798999615,6.245630392811942
2.0,4.0736074049616064,8.703754540315602,6.262962973830774
2.009999999999991,4.070319527723117,8.707362140835375,6.28025817402615
2.0200000000000102,4.067166384496132,8.711252808781627,6.297516256569123
2.030000000000001,4.0640198156489555,8.715153138644215,6.31473748150524
2.039999999999992,4.060751661549861,8.718788041280972,6.331922105806635
2.0500000000000114,4.057233762567125,8.721880672732993,6.349070383422999
2.0600000000000023,4.053337959069051,8.724152362106755,6.366182565331466
2.069999999999993,4.048936091423914,8.72532253892584,6.383258899585447
2.0800000000000125,4.043899999999984,8.724550789963724,6.400299631362421
2.0900000000000034,4.037585116406332,8.720753841461518,6.41730500301074
2.0999999999999943,4.0296441132163165,8.71388315619343,6.434275254095435
2.109999999999985,4.020394692244713,8.70461081663084,6.451210621443088
2.1200000000000045,4.010154555306266,8.693613163991246,6.468111339185762
2.1299999999999955,3.999241404215808,8.681570967321724,6.484977638804027
2.1399999999999864,3.987972940788086,8.669169588123111,6.501809749169114
2.1500000000000057,3.976666866837844,8.657099142614335,6.518607896584191
2.1599999999999966,3.9656408841799187,8.646054664051105,6.535372304824813
2.1699999999999875,3.9552126946290542,8.636736267845079,6.552103195178552
2.180000000000007,3.9457,8.62938980501535,6.568800786483817
2.1899999999999977,3.9370010536887805,8.62348417969672,6.585465295167916
2.1999999999999886,3.9287235542834256,8.618466573279408,6.602096935284334
2.210000000000008,3.9207493713868167,8.614081889144607,6.618695918549293
2.219999999999999,3.9129603746019006,8.610073200152774,6.635262454377573
2.2299999999999898,3.9052384335315584,8.606181682493894,6.651796749917632
2.240000000000009,3.8974654177786703,8.602146547927424,6.6682990100860415
2.25,3.889523196946183,8.597704974751597,6.68476943760124
2.259999999999991,3.8812936406369785,8.592592037891164,6.7012082330166445
2.2700000000000102,3.872658618453933,8.586540638546124,6.717615594753103
2.280000000000001,3.8634999999999993,8.579159852195762,6.733991719130741
2.289999999999992,3.8535903786666443,8.570161012803089,6.750336800400183
2.3000000000000114,3.84290634912507,8.559716475590099,6.766651030773179
2.3100000000000023,3.831635782897854,8.548236067427203,6.782934600452657
2.319999999999993,3.8199665515074868,8.536132880770506,6.799187697662199
2.3300000000000125,3.8080865264764494,8.523823379954989,6.815410508674959
2.3400000000000034,3.7961835793273284,8.511727507017541,6.831603217842047
2.3499999999999943,3.7844455815826086,8.500268788166965,6.847766007620373
2.359999999999985,3.7730604047648066,8.489874442161218,6.863899058599981
2.3700000000000045,3.7622159203964105,8.480975491998356,6.88000254953086
2.3799999999999955,3.7521,8.47391093240577,6.896076657349286
2.3899999999999864,3.74281572581378,8.468635925213517,6.912121557203654
2.4000000000000057,3.734209566020364,8.464764610327206,6.9281374224798515
2.4099999999999966,3.726084471058915,8.46185835517626,6.944124424826163
2.4199999999999875,3.7182433913685298,8.459474706361243,6.960082734177727
2.430000000000007,3.7104892773883,8.457167262719574,6.976012518780547
2.4399999999999977,3.7026250795573885,8.454485544201924,6.991913945215065
2.4499999999999886,3.694453748314888,8.450974857885575,7.007787178419327
2.460000000000008,3.685778234099895,8.446176162625932,7.023632381711719
2.469999999999999,3.676401487351571,8.439619451240187,7.039449716813302
2.4799999999999898,3.666120823818916,8.43021504198545,7.05523934386976
2.490000000000009,3.6542056790644586,8.41699270031515,7.071001421472947
2.5,3.6405661099103694,8.400343681565827,7.086736106682067
2.509999999999991,3.6256565307042044,8.381293867701,7.102443555044473
2.5200000000000102,3.6099313557935,8.360878957792876,7.118123920616108
2.530000000000001,3.5938449995259365,8.340144741018698,7.133777355981596
2.539999999999992,3.5778518762490514,8.320147360499329,7.149404012273966
2.5500000000000114,3.5624064003103912,8.301953576420932,7.165004039194066
2.5600000000000023,3.5479629860576267,8.286641037921092,7.180577585029613
2.569999999999993,3.534976047838302,8.27529857432273,7.196124796673937
2.5800000000000125,3.5238999999999714,8.26809619223624,7.211645819644394
2.5900000000000034,3.514398123753835,8.263791521733225,7.2271407981004785
2.5999999999999943,3.50572438326479,8.261338893113695,7.242609874861614
2.609999999999985,3.497719217311106,8.260375970553598,7.258053191424655
2.6200000000000045,3.4902230646710324,8.260536805675047,7.2734708879810945
2.6299999999999955,3.4830763641228795,8.261451723052895,7.288863103433978
2.6399999999999864,3.476119554444897,8.262747199437682,7.304229975414534
2.6500000000000057,3.469193074415332,8.26404573756834,7.319571640298547
2.6599999999999966,3.4621373628124963,8.264965735575048,7.334888233222428
2.6699999999999875,3.4547928584146352,8.265121353110688,7.350179888099052
2.680000000000007,3.446999999999999,8.264423716192207,7.3654467376333095
2.6899999999999977,3.4388500197775107,8.263233187138056,7.38068891333743
2.6999999999999886,3.4305573152039712,8.26183439831796,7.3959065455460244
2.710000000000008,3.4221470729295413,8.260286280177509,7.4110997634309115
2.719999999999999,3.413644479604456,8.258648417154928,7.426268695015689
2.7299999999999898,3.405074721878876,8.256981068789647,7.441413467190073
2.740000000000009,3.3964629864029625,8.25534519129593,7.456534205724008
2.75,3.38783445982695,8.253802459651043,7.471631035281554
2.759999999999991,3.3792143288009995,8.252415290252054,7.486704079434543
2.7700000000000102,3.370627779975271,8.251246864202033,7.501753460676026
2.780000000000001,3.3621,8.250575918392423,7.516779300433512
2.789999999999992,3.353830782663324,8.25075823244193,7.531781719081985
2.8000000000000114,3.345905005025117,8.251725157981626,7.546760835956718
2.8100000000000023,3.3381754786432136,8.25311975242518,7.5617167693659075
2.819999999999993,3.330495015075381,8.254580704954275,7.576649636603078
2.8300000000000125,3.3227164258793853,8.25574219240163,7.5915595539593195
2.8400000000000034,3.31469252261306,8.256233730892225,7.606446636735322
2.8499999999999943,3.306276116834173,8.255680024557376,7.621310999253228
2.859999999999985,3.2973200201005124,8.253700812809177,7.636152754868307
2.8700000000000045,3.2876770439698406,8.249910717846207,7.650972015980439
2.8799999999999955,3.2771999999999992,8.243602660101558,7.665768894045433
2.8899999999999864,3.2654908863610435,8.23404743535916,7.680543499586174
2.9000000000000057,3.2523926210759524,8.221282284255647,7.695295942203592
2.9099999999999966,3.2381193954820016,8.205816770329216,7.710026330587468
2.9199999999999875,3.222885400916355,8.188167031827561,7.724734772527084
2.930000000000007,3.2069048287161674,8.16885598452227,7.739421374921703
2.9399999999999977,3.1903918702187317,8.148413515587192,7.7540862437908995
2.9499999999999886,3.1735607167612003,8.127376670796409,7.768729484284732
2.960000000000008,3.1566255596807276,8.106289837645948,7.783351200693765
2.969999999999999,3.139800590314611,8.085704927372262,7.797951496458941
2.9799999999999898,3.1233,8.06558910253426,7.812530474181313
2.990000000000009,3.1068809812016798,8.045160391299428,7.82708823563162
3.0,3.0901818057106465,8.023989076476274,7.84162488175974
3.009999999999991,3.0732382838531622,8.002159084404637,7.85614051270399
3.0200000000000102,3.056086225955486,7.9797555005185705,7.870635227800295
3.030000000000001,3.0387614423440263,7.956864600027953,7.88510912559123
3.039999999999992,3.021299743345043,7.933573878438601,7.899562303834917
3.0500000000000114,3.003736939284795,7.909972081966445,7.913994859513808
3.0600000000000023,2.98610884048969,7.886149237907393,7.928406888843338
3.069999999999993,2.968451257285989,7.862196685034482,7.942798487280439
3.0800000000000125,2.9507999999999495,7.837985771058381,7.9571697495319595
3.0900000000000034,2.9330249717212085,7.813190599089377,7.971520769562936
3.0999999999999943,2.915015973758253,7.787743154089047,7.985851640604771
3.109999999999985,2.896838663765894,7.761811095615559,8.000162455163277
3.1200000000000045,2.87855869939889,7.7355645737706835,8.014453305026615
3.1299999999999955,2.8602417383121552,7.709176285062941,8.028724281273124
3.1399999999999864,2.8419534381604477,7.682821528093155,8.042975474279029
3.1500000000000057,2.8237594565985265,7.6566782594250355,8.057206973726059
3.1599999999999966,2.805725451281306,7.630927150047331,8.071418868608939
3.1699999999999875,2.7879170798635426,7.605751642885667,8.085611247242795
3.180000000000007,2.7704,7.581598873522196,8.099784197270454
3.1899999999999977,2.753429638880233,7.5589309984949224,8.113937805669615
3.1999999999999886,2.7370775486964365,7.537573406263996,8.128072158759972
3.210000000000008,2.721133574607558,7.516958026373935,8.1421873422102
3.219999999999999,2.7053875617726826,7.496508025906588,8.156283441044852
3.2299999999999898,2.689629355350756,7.475637605887404,8.170360539651174
3.240000000000009,2.6736488005007253,7.453751793269255,8.184418721785821
3.25,2.6572357423816735,7.4302462334869785,8.198458070581479
3.259999999999991,2.64018002615255,7.404506989204805,8.212478668553395
3.2700000000000102,2.6222714969722936,7.375910351557064,8.22648059760583
3.280000000000001,2.6033,7.343828900487417,8.240463939038422
3.289999999999992,2.5830597728596354,7.307996804713206,8.254428773552451
3.3000000000000114,2.561601822138742,7.268687546743908,8.268375181257037
3.3100000000000023,2.5391011464418156,7.226356704981128,8.282303241675246
3.319999999999993,2.5157327443731705,7.181467386228909,8.29621303375012
3.3300000000000125,2.4916716145371125,7.134490375731456,8.310104635850621
3.3400000000000034,2.4670927555381494,7.0859042678118636,8.323978125777506
3.3499999999999943,2.4421711659805907,7.036195579011551,8.337833580769109
3.359999999999985,2.4170818444688087,6.9858588460194895,8.351671077507069
3.3700000000000045,2.391999789607106,6.935396711084597,8.365490692121963
3.3799999999999955,2.3670999999999993,6.88397918485139,8.379292500198876
3.3899999999999864,2.3416418050188033,6.8296312881531165,8.393076576782898
3.4000000000000057,2.315029738539398,6.772017071057341,8.406842996384544
3.4099999999999966,2.2876566059231638,6.7122567675385545,8.420591832985114
3.4199999999999875,2.2599152125312565,6.651489033850968,8.434323160041972
3.430000000000007,2.2321983637248266,6.5908710354136515,8.448037050493763
3.4399999999999977,2.2048988648652625,6.531578497707332,8.46173357676557
3.4499999999999886,2.178409521313714,6.474805742255595,8.47541281077399
3.460000000000008,2.153123138431341,6.42176573142878,8.48907482393216
3.469999999999999,2.129432521579517,6.373686799549371,8.502719687154707
3.4799999999999898,2.107728253223175,6.331188190604394,8.516347470862646
3.490000000000009,2.0879876768237278,6.293632730197406,8.52995824498821
3.5,2.0697666000450363,6.259849520761573,8.543552078979612
3.509999999999991,2.052698356452373,6.228767140105177,8.557129041805775
3.5200000000000102,2.036416279611019,6.199297042389678,8.570689201960956
3.530000000000001,2.0205537030863963,6.17033334763812,8.584232627469367
3.539999999999992,2.004743960443787,6.14075260324853,8.59775938588969
3.5500000000000114,1.9886203852484723,6.109413537849104,8.611269544319569
3.5600000000000023,1.9718163110658733,6.075156830312326,8.62476316940003
3.569999999999993,1.9539650714612729,6.036804919376547,8.638240327319842
3.5800000000000125,1.9346999999999426,5.9933472556544976,8.651701083819853
3.5900000000000034,1.913773274760139,5.944641968492417,8.665145504197236
3.5999999999999943,1.891383267735848,5.891409784522408,8.678573653309705
3.609999999999985,1.8678326033662385,5.8345479146038235,8.691985595579668
3.6200000000000045,1.8434239060904087,5.774968602542805,8.705381394998348
3.6299999999999955,1.818459800347666,5.713599188464833,8.71876111512983
3.6399999999999864,1.7932429105771104,5.651382111031378,8.732124819115079
3.6500000000000057,1.768075861217839,5.58927486136849,8.745472569675888
3.6599999999999966,1.7432612767091649,5.528249903394998,8.75880442911881
3.6699999999999875,1.7191017814901834,5.469294577128146,8.772120459339003
3.680000000000007,1.6958999999999997,5.412843408646616,8.785420721824067
3.6899999999999977,1.673605763271405,5.358288260841547,8.798705277657811
3.6999999999999886,1.651871771331871,5.30486096682421,8.811974187523981
3.710000000000008,1.6305549521128238,5.2521130403344545,8.825227511709942
3.719999999999999,1.6095122335458716,5.199589118866535,8.83846531011033
3.7299999999999898,1.58860054356244,5.146826992630758,8.85168764223064
3.740000000000009,1.567676810093956,5.09335763907056,8.864894567190788
3.75,1.546597961072025,5.038705267379252,8.878086143728616
3.759999999999991,1.525220924428075,4.982387377898333,8.891262430203371
3.7700000000000102,1.50340262809353,4.923914841730338,8.90442348459914
3.780000000000001,1.481,4.863500066667732,8.917569364528237
3.789999999999992,1.4582972754233325,4.802094444077763,8.930700127234553
3.8000000000000114,1.435593843631876,4.7399892820476275,8.943815829596877
3.8100000000000023,1.412769363546006,4.676778928258551,8.956916528132158
3.819999999999993,1.389703494085903,4.612052379059314,8.970002278998765
3.8300000000000125,1.3662758941717457,4.545393401648635,8.983073137999659
3.8400000000000034,1.3423662227239128,4.476380679290092,8.996129160585578
3.8499999999999943,1.317854138662584,4.40458798414712,9.009170401858153
3.859999999999985,1.2926193009080047,4.32958438261439,9.022196916573005
3.8700000000000045,1.2665413683803455,4.250934478279578,9.035208759142796
3.8799999999999955,1.2395000000000003,4.167920628310794,9.048205983640253
3.8899999999999864,1.2112115628597961,4.079882048544035,9.061188643801154
3.9000000000000057,1.1815933435013752,3.986947218166714,9.074156793027282
3.9099999999999966,1.1508263800183913,3.8897014578790343,9.087110484389344
3.9199999999999875,1.1190917105042475,3.7887399622797617,9.100049770629859
3.930000000000007,1.086570373052335,3.684667564577797,9.112974704166012
3.9399999999999977,1.0534434057563247,3.578098429106961,9.125885337092477
3.9499999999999886,1.01989184670961,3.469655677186639,9.138781721184204
3.960000000000008,0.9860967340055813,3.3599709528582067,9.151663907899184
3.969999999999999,0.9522391057379143,3.249683935989454,9.164531948381184
3.9799999999999898,0.9185,3.138553950776167,9.177385893462429
3.990000000000009,0.8845509096043292,3.0253643550209044,9.190225793666281
4.0,0.8500148761004215,2.909651906062303,9.203051699209889
4.009999999999991,0.8150002606867736,2.791801247190598,9.215863660006779
4.02000000000001,0.7796154245618755,2.6722024216947617,9.22866172566945
4.030000000000001,0.7439687289245204,2.5512505259443228,9.241445945511927
4.039999999999992,0.7081685349732001,2.429345329707314,9.254216368552278
4.050000000000011,0.6723232039064047,2.3068908674676525,9.266973043515122
4.060000000000002,0.6365410969229292,2.1842950048955285,9.279716018834097
4.069999999999993,0.6009305752212637,2.0619689849918177,9.2924453426543
4.0800000000000125,0.5655999999999,1.9379438015953856,9.305161062834715
4.090000000000003,0.5293121479504975,1.8086281659456922,9.317863226950596
4.099999999999994,0.4912672521324891,1.6739657748567407,9.330551882295827
4.109999999999985,0.4522298582965545,1.5366846045351483,9.343227075885286
4.1200000000000045,0.41296451219326247,1.3995303551541243,9.355888854457138
4.1299999999999955,0.3742357595735178,1.2652628564582213,9.368537264475131
4.139999999999986,0.3368081461878887,1.1366524114876573,9.381172352130871
4.150000000000006,0.30144621778695846,1.016476269783634,9.393794163346056
4.159999999999997,0.26891452012160927,0.9075154252011561,9.4064027437747
4.1699999999999875,0.23997759894241752,0.8125519347943514,9.418998138805318
4.180000000000007,0.21539999999999998,0.7301161620268553,9.431580393563115
4.189999999999998,0.19356582728052762,0.6537911096838481,9.444149552912114
4.199999999999989,0.1724767731153435,0.5803697714249832,9.456705661457303
4.210000000000008,0.15232376577315707,0.5105505367675272,9.469248763546721
4.219999999999999,0.13329773352284827,0.4450314473391219,9.48177890327356
4.22999999999999,0.11558960463312351,0.38450980713046,9.494296124478204
4.240000000000009,0.09939030737270436,0.32968186345922473,9.50680047075028
4.25,0.08489077001044827,0.2812425707556992,9.519291985430675
4.259999999999991,0.07228192081507218,0.239885448999859,9.531770711613532
4.27000000000001,0.061754688055314255,0.20630254835445005,9.544236692148228
4.280000000000001,0.05350000000000001,0.17921414173577346,9.556689969641322
4.289999999999992,0.046608201770192086,0.15521256409514397,9.569130586458499
4.300000000000011,0.040083020786742314,0.1435373718824283,9.581558584726483
